{
  "下野町": [
    {
      "name": "浅井モータース",
      "address": "下野町"
    },
    {
      "name": "お好みハウスＢｏｎ－ｂｏｎ",
      "address": "下野町"
    },
    {
      "name": "髪処C's",
      "address": "下野町"
    },
    {
      "name": "竹の駅",
      "address": "下野町"
    },
    {
      "name": "竹原オート",
      "address": "下野町"
    },
    {
      "name": "竹原自動車",
      "address": "下野町"
    },
    {
      "name": "つぼみ助産院",
      "address": "下野町"
    },
    {
      "name": "手打ちさぬきうどん 長太",
      "address": "下野町"
    },
    {
      "name": "トータルサロンAnge",
      "address": "下野町"
    },
    {
      "name": "花工房  おだ",
      "address": "下野町"
    },
    {
      "name": "Bistro Shin",
      "address": "下野町"
    },
    {
      "name": "広島自動車販売株式会社（竹原サニー）",
      "address": "下野町"
    },
    {
      "name": "台湾料理  福吉順  竹原店",
      "address": "下野町"
    },
    {
      "name": "ブルーム",
      "address": "下野町"
    },
    {
      "name": "ぽれぽれ工房",
      "address": "下野町"
    },
    {
      "name": "マツダオートザム竹原",
      "address": "下野町"
    },
    {
      "name": "丸菱自動車株式会社",
      "address": "下野町"
    },
    {
      "name": "むぎたこ",
      "address": "下野町"
    }
  ],
  "中央": [
    {
      "name": "Aivy",
      "address": "中央"
    },
    {
      "name": "赤坂屋クリーニング  藤三店",
      "address": "中央"
    },
    {
      "name": "Hanashu",
      "address": "中央"
    },
    {
      "name": "阿波村商店",
      "address": "中央"
    },
    {
      "name": "あんこ路地",
      "address": "中央"
    },
    {
      "name": "磯っ子",
      "address": "中央"
    },
    {
      "name": "いなばオートサイクル",
      "address": "中央"
    },
    {
      "name": "April",
      "address": "中央"
    },
    {
      "name": "M",
      "address": "中央"
    },
    {
      "name": "尾野精肉店",
      "address": "中央"
    },
    {
      "name": "オバラデンキ",
      "address": "中央"
    },
    {
      "name": "おもちゃの城きり屋",
      "address": "中央"
    },
    {
      "name": "オリオン",
      "address": "中央"
    },
    {
      "name": "菓子工房モンシェリ",
      "address": "中央"
    },
    {
      "name": "片山寝装",
      "address": "中央"
    },
    {
      "name": "がんこ寿司",
      "address": "中央"
    },
    {
      "name": "漢香堂",
      "address": "中央"
    },
    {
      "name": "神田薬局",
      "address": "中央"
    },
    {
      "name": "キッチン＆カフェ GUU",
      "address": "中央"
    },
    {
      "name": "空ＯＫＯＮＯＭＩＹＡＫＩ",
      "address": "中央"
    },
    {
      "name": "klaus",
      "address": "中央"
    },
    {
      "name": "グリーンスカイホテル竹原",
      "address": "中央"
    },
    {
      "name": "珈琲専門店 巴里",
      "address": "中央"
    },
    {
      "name": "コガワ商店",
      "address": "中央"
    },
    {
      "name": "cosmetic Laran",
      "address": "中央"
    },
    {
      "name": "CycleShop T-BOX",
      "address": "中央"
    },
    {
      "name": "サラダ館  竹原中央店",
      "address": "中央"
    },
    {
      "name": "出張整体YUNO",
      "address": "中央"
    },
    {
      "name": "将軍",
      "address": "中央"
    },
    {
      "name": "御菓子処  末広堂",
      "address": "中央"
    },
    {
      "name": "スタンディングSAKEバー  Climat",
      "address": "中央"
    },
    {
      "name": "スナックシルク",
      "address": "中央"
    },
    {
      "name": "スナック  凛",
      "address": "中央"
    },
    {
      "name": "SOLFIL",
      "address": "中央"
    },
    {
      "name": "台湾ダイニングカフェ行天",
      "address": "中央"
    },
    {
      "name": "タケシタ理容",
      "address": "中央"
    },
    {
      "name": "竹原駅前商店街振興組合",
      "address": "中央"
    },
    {
      "name": "竹原シティホテル",
      "address": "中央"
    },
    {
      "name": "竹原自動車学校",
      "address": "中央"
    },
    {
      "name": "竹原生協",
      "address": "中央"
    },
    {
      "name": "畳屋もりした",
      "address": "中央"
    },
    {
      "name": "兆治",
      "address": "中央"
    },
    {
      "name": "てっぱんやき  千代",
      "address": "中央"
    },
    {
      "name": "てんじんやま",
      "address": "中央"
    },
    {
      "name": "Trattoria M",
      "address": "中央"
    },
    {
      "name": "なかの洋装店",
      "address": "中央"
    },
    {
      "name": "Na-chan",
      "address": "中央"
    },
    {
      "name": 753,
      "address": "中央"
    },
    {
      "name": "NatsumiKawasaki",
      "address": "中央"
    },
    {
      "name": "NOEVIR Suino Rosa",
      "address": "中央"
    },
    {
      "name": "呑食処竹とり家",
      "address": "中央"
    },
    {
      "name": "パソコンドック24  竹原店",
      "address": "中央"
    },
    {
      "name": "はちこう",
      "address": "中央"
    },
    {
      "name": "ハッピー",
      "address": "中央"
    },
    {
      "name": "樋口かばん店",
      "address": "中央"
    },
    {
      "name": "日の丸カメラサービスセンター",
      "address": "中央"
    },
    {
      "name": "卑弥呼",
      "address": "中央"
    },
    {
      "name": "BEAUTY BASE Sano",
      "address": "中央"
    },
    {
      "name": "ファルコン",
      "address": "中央"
    },
    {
      "name": "藤川理容室",
      "address": "中央"
    },
    {
      "name": "小料理  伏見",
      "address": "中央"
    },
    {
      "name": "ブックメイトかめお",
      "address": "中央"
    },
    {
      "name": "ペットサロン  ベル",
      "address": "中央"
    },
    {
      "name": "前川酒店",
      "address": "中央"
    },
    {
      "name": "誠家",
      "address": "中央"
    },
    {
      "name": "マスコット写真館",
      "address": "中央"
    },
    {
      "name": "焼肉  みっちゃん",
      "address": "中央"
    },
    {
      "name": "洋菓子工房フレシュール",
      "address": "中央"
    },
    {
      "name": "吉井理容室",
      "address": "中央"
    },
    {
      "name": "吉本ガス産業",
      "address": "中央"
    },
    {
      "name": "ワインバー Ｌａ ｐａｓｓｉｏｎ",
      "address": "中央"
    },
    {
      "name": "リヴィングフェア川口",
      "address": "中央"
    },
    {
      "name": "LUCO美容室",
      "address": "中央"
    },
    {
      "name": "ローズカメラ店",
      "address": "中央"
    },
    {
      "name": "Xin Chao Quan",
      "address": "中央"
    }
  ],
  "仁賀町": [
    {
      "name": "スペース  アンソロジー",
      "address": "仁賀町"
    }
  ],
  "吉名町": [
    {
      "name": "いちかわ菓子舗  本店",
      "address": "吉名町"
    },
    {
      "name": "いもしん志×しんし珈琲焙煎所",
      "address": "吉名町"
    },
    {
      "name": "CAPRI Coffee  Beans",
      "address": "吉名町"
    },
    {
      "name": "くるま屋ＪＳ",
      "address": "吉名町"
    },
    {
      "name": "翔愛めだか 竹原店",
      "address": "吉名町"
    },
    {
      "name": "ちゃっか",
      "address": "吉名町"
    },
    {
      "name": "ナントー自動車",
      "address": "吉名町"
    },
    {
      "name": "西村薬品",
      "address": "吉名町"
    },
    {
      "name": "農家レストラン西野",
      "address": "吉名町"
    },
    {
      "name": "バーベキューハウス宗越",
      "address": "吉名町"
    },
    {
      "name": "Hamburger&tacorice o2",
      "address": "吉名町"
    },
    {
      "name": "PIZZA EN",
      "address": "吉名町"
    },
    {
      "name": "益吉呉服店",
      "address": "吉名町"
    },
    {
      "name": "眞鍋モータース",
      "address": "吉名町"
    },
    {
      "name": "吉田商店",
      "address": "吉名町"
    },
    {
      "name": "吉名交通",
      "address": "吉名町"
    }
  ],
  "塩町": [
    {
      "name": "竹原生協  構内店",
      "address": "塩町"
    }
  ],
  "小梨町": [
    {
      "name": "ペットメモリー虹の橋",
      "address": "小梨町"
    }
  ],
  "忠海中町": [
    {
      "name": "アヲハタジャムデッキ",
      "address": "忠海中町"
    },
    {
      "name": "朝比奈屋",
      "address": "忠海中町"
    },
    {
      "name": "味処日之出",
      "address": "忠海中町"
    },
    {
      "name": "今市玉吉商事",
      "address": "忠海中町"
    },
    {
      "name": "生田電器",
      "address": "忠海中町"
    },
    {
      "name": "カフェ&雑貨ル＊ラパン",
      "address": "忠海中町"
    },
    {
      "name": "kitchenあかり",
      "address": "忠海中町"
    },
    {
      "name": "城本理容院",
      "address": "忠海中町"
    },
    {
      "name": "スーパーマミー",
      "address": "忠海中町"
    },
    {
      "name": "田原商店",
      "address": "忠海中町"
    },
    {
      "name": "樋口電機",
      "address": "忠海中町"
    },
    {
      "name": "ファミリーひらた",
      "address": "忠海中町"
    },
    {
      "name": "恵みパン工房RyuRyu",
      "address": "忠海中町"
    },
    {
      "name": "夜船モータース",
      "address": "忠海中町"
    },
    {
      "name": "脇本食料品店",
      "address": "忠海中町"
    }
  ],
  "忠海長浜": [
    {
      "name": "R185／aicafe",
      "address": "忠海長浜"
    },
    {
      "name": "お好み喫茶  エデン",
      "address": "忠海長浜"
    },
    {
      "name": "CAFE HOXTON",
      "address": "忠海長浜"
    },
    {
      "name": "川端旅館",
      "address": "忠海長浜"
    },
    {
      "name": "Tabist",
      "address": "忠海長浜"
    },
    {
      "name": "ビューティーカーアラキ",
      "address": "忠海長浜"
    }
  ],
  "新庄町": [
    {
      "name": "Creative Base e-f forest",
      "address": "新庄町"
    },
    {
      "name": "おおはら",
      "address": "新庄町"
    },
    {
      "name": "永岡理容院",
      "address": "新庄町"
    }
  ],
  "本町": [
    {
      "name": "赤坂屋クリーニング  本店",
      "address": "本町"
    },
    {
      "name": "AKKANBE-origamifactory",
      "address": "本町"
    },
    {
      "name": "いちかわ菓子舗  掛町店",
      "address": "本町"
    },
    {
      "name": "江戸そば遊山",
      "address": "本町"
    },
    {
      "name": "お好み焼きほり川",
      "address": "本町"
    },
    {
      "name": "オジゾークリエイト",
      "address": "本町"
    },
    {
      "name": "cafe 青",
      "address": "本町"
    },
    {
      "name": "cafe 根古屋",
      "address": "本町"
    },
    {
      "name": "Cafe Like a trip",
      "address": "本町"
    },
    {
      "name": "ぎゃらりい梅谷",
      "address": "本町"
    },
    {
      "name": "喜楽軒",
      "address": "本町"
    },
    {
      "name": "酒蔵そば処たにざき",
      "address": "本町"
    },
    {
      "name": "sumicco",
      "address": "本町"
    },
    {
      "name": "竹すずめ",
      "address": "本町"
    },
    {
      "name": "竹鶴酒造",
      "address": "本町"
    },
    {
      "name": "竹の茶屋いっぷく",
      "address": "本町"
    },
    {
      "name": "TAKENOWA風",
      "address": "本町"
    },
    {
      "name": "竹原園芸店",
      "address": "本町"
    },
    {
      "name": "たけはら 凪町商店",
      "address": "本町"
    },
    {
      "name": "竹原まちなみ竹工房",
      "address": "本町"
    },
    {
      "name": "竹楽",
      "address": "本町"
    },
    {
      "name": "陶工房 風土",
      "address": "本町"
    },
    {
      "name": "花みづき",
      "address": "本町"
    },
    {
      "name": "pilates studio schulung",
      "address": "本町"
    },
    {
      "name": "藤井酒造",
      "address": "本町"
    },
    {
      "name": "ヘアーサロン ニシヤマ",
      "address": "本町"
    },
    {
      "name": "道の駅たけはら",
      "address": "本町"
    },
    {
      "name": "村上ベーカリー",
      "address": "本町"
    },
    {
      "name": "吉野酒店",
      "address": "本町"
    },
    {
      "name": "レストランアップルミント",
      "address": "本町"
    }
  ],
  "東野町": [
    {
      "name": "カンティーヌ  パリジェンヌ",
      "address": "東野町"
    }
  ],
  "港町": [
    {
      "name": "安芸灘急行電鉄",
      "address": "港町"
    },
    {
      "name": "朝比奈屋玄米倉庫",
      "address": "港町"
    },
    {
      "name": "CAFE-BY-THE-SEA",
      "address": "港町"
    },
    {
      "name": "伸和自動車",
      "address": "港町"
    },
    {
      "name": "峠下畜産流通センター",
      "address": "港町"
    },
    {
      "name": "たけはら海の駅",
      "address": "港町"
    },
    {
      "name": "丹下魚店",
      "address": "港町"
    },
    {
      "name": "美食酒家とん吉",
      "address": "港町"
    },
    {
      "name": "日向釣具センター",
      "address": "港町"
    },
    {
      "name": "beauty salon さくら",
      "address": "港町"
    }
  ],
  "田ノ浦": [
    {
      "name": "竹原ボディーショップ",
      "address": "田ノ浦"
    },
    {
      "name": "ドッグサロン プティべべ",
      "address": "田ノ浦"
    },
    {
      "name": "ハマダ理容室",
      "address": "田ノ浦"
    },
    {
      "name": "Lemon Cake",
      "address": "田ノ浦"
    }
  ],
  "田万里町": [
    {
      "name": "TAMARIYA RICE DONUT ＆ FARM STAY",
      "address": "田万里町"
    },
    {
      "name": "田万里家",
      "address": "田万里町"
    }
  ],
  "福田町": [
    {
      "name": "一誠園",
      "address": "福田町"
    },
    {
      "name": "部谷岡モータース",
      "address": "福田町"
    }
  ],
  "竹原町": [
    {
      "name": "沖本気功整体院",
      "address": "竹原町"
    },
    {
      "name": "金沢タイヤ商会",
      "address": "竹原町"
    },
    {
      "name": "神田精果園",
      "address": "竹原町"
    },
    {
      "name": "きまぐれ",
      "address": "竹原町"
    },
    {
      "name": "隠れ堂本舗",
      "address": "竹原町"
    },
    {
      "name": "珈琲館  かぶ",
      "address": "竹原町"
    },
    {
      "name": "貞森ぶどう光園",
      "address": "竹原町"
    },
    {
      "name": "シュリークスHAIR",
      "address": "竹原町"
    },
    {
      "name": "セイワ",
      "address": "竹原町"
    },
    {
      "name": "ダイニングカフェbranch",
      "address": "竹原町"
    },
    {
      "name": "竹原スバル自動車",
      "address": "竹原町"
    },
    {
      "name": "たけはらパドルスポーツ協会",
      "address": "竹原町"
    },
    {
      "name": "竹原メディカル整体院",
      "address": "竹原町"
    },
    {
      "name": "total beauty salon e-f",
      "address": "竹原町"
    },
    {
      "name": "Babaco.fruits",
      "address": "竹原町"
    },
    {
      "name": "バンブーツアー",
      "address": "竹原町"
    },
    {
      "name": "フロービス",
      "address": "竹原町"
    },
    {
      "name": "ヘアーサロンタカハシ",
      "address": "竹原町"
    },
    {
      "name": "ホテル大広苑",
      "address": "竹原町"
    },
    {
      "name": "Honda cars竹原",
      "address": "竹原町"
    },
    {
      "name": "morinomi salon",
      "address": "竹原町"
    },
    {
      "name": "ユニセックスサロン・メリー",
      "address": "竹原町"
    },
    {
      "name": "ラシェーナ  竹原店",
      "address": "竹原町"
    },
    {
      "name": "吉本ガス産業",
      "address": "竹原町"
    }
  ],
  "西野町": [
    {
      "name": "キャッチオートライフ",
      "address": "西野町"
    },
    {
      "name": "ニュープロダクト",
      "address": "西野町"
    }
  ],
  "高崎町": [
    {
      "name": "ぱくぱく",
      "address": "高崎町"
    },
    {
      "name": "バンブー総合公園  キッチンカー",
      "address": "高崎町"
    },
    {
      "name": "堀越自動車",
      "address": "高崎町"
    },
    {
      "name": "民宿ぱくぱく",
      "address": "高崎町"
    },
    {
      "name": "もとくぼ自動車工房",
      "address": "高崎町"
    },
    {
      "name": "MOMOKICHI  庵",
      "address": "高崎町"
    }
  ]
}