{
  "大更地区": [
    {
      "name": "300Paint",
      "address": "大更地区"
    },
    {
      "name": "ENEOS大更SS",
      "address": "大更地区"
    },
    {
      "name": "obuke   base",
      "address": "大更地区"
    },
    {
      "name": "伊東自動車整備工場",
      "address": "大更地区"
    },
    {
      "name": "イワサキ屋",
      "address": "大更地区"
    },
    {
      "name": "遠忠石油   大更店",
      "address": "大更地区"
    },
    {
      "name": "おおみや呉服店",
      "address": "大更地区"
    },
    {
      "name": "小山田商店   岩手山SS",
      "address": "大更地区"
    },
    {
      "name": "カーエステ西根",
      "address": "大更地区"
    },
    {
      "name": "カシワヤ",
      "address": "大更地区"
    },
    {
      "name": "カフェ &スナック   Fika",
      "address": "大更地区"
    },
    {
      "name": "業務スーパー大更店",
      "address": "大更地区"
    },
    {
      "name": "久保田モータース",
      "address": "大更地区"
    },
    {
      "name": "久保田モータース\nDAIHATSU店 ショールーム展示場",
      "address": "大更地区"
    },
    {
      "name": "彩花園",
      "address": "大更地区"
    },
    {
      "name": "スナック   ルシフェル",
      "address": "大更地区"
    },
    {
      "name": "澤口酒店",
      "address": "大更地区"
    },
    {
      "name": "シャデイ サラダ館",
      "address": "大更地区"
    },
    {
      "name": "寿司・お食事処 きよせ",
      "address": "大更地区"
    },
    {
      "name": "ステイ自動車整備センター",
      "address": "大更地区"
    },
    {
      "name": "肉の横沢",
      "address": "大更地区"
    },
    {
      "name": "西根観光タクシー",
      "address": "大更地区"
    },
    {
      "name": "樋口せんべい店",
      "address": "大更地区"
    },
    {
      "name": "ビジネスホテル西根",
      "address": "大更地区"
    },
    {
      "name": "美容室オリーブ",
      "address": "大更地区"
    },
    {
      "name": "風月堂（ベルフ八幡平内）",
      "address": "大更地区"
    },
    {
      "name": "フォトスタジオ・パル",
      "address": "大更地区"
    },
    {
      "name": "プライベートサロン音色",
      "address": "大更地区"
    },
    {
      "name": "ホームセンターかんぶん八幡平店",
      "address": "大更地区"
    },
    {
      "name": "まつもり呉服店",
      "address": "大更地区"
    },
    {
      "name": "道の駅にしね生産物直売所",
      "address": "大更地区"
    },
    {
      "name": "むら重",
      "address": "大更地区"
    },
    {
      "name": "レオス",
      "address": "大更地区"
    }
  ],
  "田頭地区": [
    {
      "name": "泉澤商店",
      "address": "田頭地区"
    },
    {
      "name": "古民家食堂   なつかしの家",
      "address": "田頭地区"
    },
    {
      "name": "ササキ時計店",
      "address": "田頭地区"
    },
    {
      "name": "丹内菓子店",
      "address": "田頭地区"
    },
    {
      "name": "トライ薬局（調剤薬品を除く）",
      "address": "田頭地区"
    },
    {
      "name": "ナイス",
      "address": "田頭地区"
    }
  ],
  "平笠地区": [
    {
      "name": "3S VILLAGE八幡平",
      "address": "平笠地区"
    },
    {
      "name": "tokinohana",
      "address": "平笠地区"
    },
    {
      "name": "いこいの村岩手",
      "address": "平笠地区"
    },
    {
      "name": "佐々木長生整体院（いこいの村岩手内）",
      "address": "平笠地区"
    }
  ],
  "平舘地区": [
    {
      "name": "4358aging&anti-aging",
      "address": "平舘地区"
    },
    {
      "name": "ENEOS八幡平",
      "address": "平舘地区"
    },
    {
      "name": "nollegretto（ノレグレット）",
      "address": "平舘地区"
    },
    {
      "name": "Olive By PearlDry\n（マックスバリュ西根店）",
      "address": "平舘地区"
    },
    {
      "name": "tamari窯",
      "address": "平舘地区"
    },
    {
      "name": "zakka&cafe nii-ni",
      "address": "平舘地区"
    },
    {
      "name": "大更ホルモン",
      "address": "平舘地区"
    },
    {
      "name": "映光カメラ店",
      "address": "平舘地区"
    },
    {
      "name": "雑貨屋Ｈａｒｅｎｏｈｉ",
      "address": "平舘地区"
    },
    {
      "name": "平舘化粧品店",
      "address": "平舘地区"
    },
    {
      "name": "平舘タクシー",
      "address": "平舘地区"
    },
    {
      "name": "高民商店",
      "address": "平舘地区"
    },
    {
      "name": "たかはし食堂",
      "address": "平舘地区"
    },
    {
      "name": "田中電気商会",
      "address": "平舘地区"
    },
    {
      "name": "肉のささき",
      "address": "平舘地区"
    },
    {
      "name": "ハッピー石油   平舘店",
      "address": "平舘地区"
    },
    {
      "name": "ぼず",
      "address": "平舘地区"
    },
    {
      "name": "みやのガス屋",
      "address": "平舘地区"
    },
    {
      "name": "みやの",
      "address": "平舘地区"
    }
  ],
  "寺田地区": [
    {
      "name": "たむらストア",
      "address": "寺田地区"
    }
  ],
  "野駄松尾地区": [
    {
      "name": "ＢＬＴオートサービス",
      "address": "野駄松尾地区"
    },
    {
      "name": "小田島商店",
      "address": "野駄松尾地区"
    },
    {
      "name": "立万商店",
      "address": "野駄松尾地区"
    }
  ],
  "松尾寄木地区": [
    {
      "name": "CLUBMAN",
      "address": "松尾寄木地区"
    },
    {
      "name": "Life8",
      "address": "松尾寄木地区"
    },
    {
      "name": "アルペンローゼ",
      "address": "松尾寄木地区"
    },
    {
      "name": "漆弓具工房",
      "address": "松尾寄木地区"
    },
    {
      "name": "温泉ゲストハウス やすもり",
      "address": "松尾寄木地区"
    },
    {
      "name": "カークリニックタカハシ",
      "address": "松尾寄木地区"
    },
    {
      "name": "喫茶店   ki+shine",
      "address": "松尾寄木地区"
    },
    {
      "name": "キャンパスの森",
      "address": "松尾寄木地区"
    },
    {
      "name": "なかやま荘",
      "address": "松尾寄木地区"
    },
    {
      "name": "八幡平マウンテンホテル",
      "address": "松尾寄木地区"
    },
    {
      "name": "八幡平ハイツ",
      "address": "松尾寄木地区"
    },
    {
      "name": "八幡平秘密基地WAN",
      "address": "松尾寄木地区"
    },
    {
      "name": "ハッピー石油   関口店",
      "address": "松尾寄木地区"
    },
    {
      "name": "ペンションあんとる・ど・めえる",
      "address": "松尾寄木地区"
    },
    {
      "name": "ペンション日の出",
      "address": "松尾寄木地区"
    },
    {
      "name": "ペンション ムース",
      "address": "松尾寄木地区"
    },
    {
      "name": "松川荘",
      "address": "松尾寄木地区"
    },
    {
      "name": "森乃湯",
      "address": "松尾寄木地区"
    },
    {
      "name": "森のイタリアンLa mia mamma",
      "address": "松尾寄木地区"
    },
    {
      "name": "焼肉FABIO",
      "address": "松尾寄木地区"
    },
    {
      "name": "珈琲舎ハイジ",
      "address": "松尾寄木地区"
    }
  ],
  "台地区": [
    {
      "name": "高橋酒店",
      "address": "台地区"
    },
    {
      "name": "ふじとくストア",
      "address": "台地区"
    },
    {
      "name": "松尾八幡平物産館アスピーテ",
      "address": "台地区"
    },
    {
      "name": "レストランLAMP",
      "address": "台地区"
    }
  ],
  "安比高原地区": [
    {
      "name": "19Brew",
      "address": "安比高原地区"
    },
    {
      "name": "APPI ROCKY INN",
      "address": "安比高原地区"
    },
    {
      "name": "WHITE ROSE INN",
      "address": "安比高原地区"
    },
    {
      "name": "アネックス   アルカス",
      "address": "安比高原地区"
    },
    {
      "name": "小山田商店   安比SS",
      "address": "安比高原地区"
    },
    {
      "name": "高原の珈琲工房ＮＥＬＣＡＦＥ",
      "address": "安比高原地区"
    },
    {
      "name": "ペンション   アサンギ",
      "address": "安比高原地区"
    },
    {
      "name": "ペンション   アーラ・ワッカ",
      "address": "安比高原地区"
    },
    {
      "name": "ペンション   あるぺじお",
      "address": "安比高原地区"
    },
    {
      "name": "ペンション グラシアスエスタバ",
      "address": "安比高原地区"
    },
    {
      "name": "ペンション   STEP",
      "address": "安比高原地区"
    },
    {
      "name": "森のなかまたち",
      "address": "安比高原地区"
    }
  ],
  "細野畑地区": [
    {
      "name": "ENEOS安比SS",
      "address": "細野畑地区"
    },
    {
      "name": "あっぴ亭",
      "address": "細野畑地区"
    },
    {
      "name": "四季館 彩冬",
      "address": "細野畑地区"
    },
    {
      "name": "ぱぱなっしゅ",
      "address": "細野畑地区"
    },
    {
      "name": "ふうせつ花",
      "address": "細野畑地区"
    },
    {
      "name": "民宿かすみ荘",
      "address": "細野畑地区"
    },
    {
      "name": "綿帽子温泉館 あずみの湯",
      "address": "細野畑地区"
    }
  ],
  "安代地区": [
    {
      "name": "柴内商店  COSMO石油安代ICSS",
      "address": "安代地区"
    },
    {
      "name": "SHIMONO 528",
      "address": "安代地区"
    },
    {
      "name": "安比塗漆器工房",
      "address": "安代地区"
    },
    {
      "name": "安比まいたけ",
      "address": "安代地区"
    },
    {
      "name": "小山田商店   安代SS",
      "address": "安代地区"
    },
    {
      "name": "椿月",
      "address": "安代地区"
    },
    {
      "name": "勝田屋",
      "address": "安代地区"
    },
    {
      "name": "さいとう薬局（調剤薬品を除く）",
      "address": "安代地区"
    },
    {
      "name": "新安比温泉 静流閣",
      "address": "安代地区"
    },
    {
      "name": "羽沢耕悦商店",
      "address": "安代地区"
    },
    {
      "name": "羽沢製菓",
      "address": "安代地区"
    },
    {
      "name": "八光スタジオ",
      "address": "安代地区"
    },
    {
      "name": "星降る山荘   七時雨山荘",
      "address": "安代地区"
    },
    {
      "name": "みどり美容室",
      "address": "安代地区"
    },
    {
      "name": "村上旅館",
      "address": "安代地区"
    }
  ]
}