{
  "その他": [
    {
      "name": 1985,
      "address": ""
    },
    {
      "name": "(有)江刺葬儀社",
      "address": ""
    },
    {
      "name": "(有)羽田自動車整備工場　ロータス羽田自工",
      "address": ""
    },
    {
      "name": "(有)水沢ボデー",
      "address": ""
    },
    {
      "name": "13番目の月",
      "address": ""
    },
    {
      "name": "3年B組居残り組",
      "address": ""
    },
    {
      "name": "a. la・やしき",
      "address": ""
    },
    {
      "name": "A.I.T",
      "address": ""
    },
    {
      "name": "ABCショップ水沢",
      "address": ""
    },
    {
      "name": "Airy U",
      "address": ""
    },
    {
      "name": "AQUA",
      "address": ""
    },
    {
      "name": "Bambina",
      "address": ""
    },
    {
      "name": "Bambina",
      "address": ""
    },
    {
      "name": "BAR TENDERLY",
      "address": ""
    },
    {
      "name": "Barba Beuute",
      "address": ""
    },
    {
      "name": "BAYERN",
      "address": ""
    },
    {
      "name": "Be-Can",
      "address": ""
    },
    {
      "name": "BELIRE",
      "address": ""
    },
    {
      "name": "BI・JI・N",
      "address": ""
    },
    {
      "name": "BloomRea",
      "address": ""
    },
    {
      "name": "Blue Terrace",
      "address": ""
    },
    {
      "name": "BoA's Hairdining BoA's",
      "address": ""
    },
    {
      "name": "body care salon cooen.",
      "address": ""
    },
    {
      "name": "Café brooch",
      "address": ""
    },
    {
      "name": "Café&Bar CLIMB",
      "address": ""
    },
    {
      "name": "CafeBarRuun",
      "address": ""
    },
    {
      "name": "caféミトン",
      "address": ""
    },
    {
      "name": "Camellia lounge",
      "address": ""
    },
    {
      "name": "carta",
      "address": ""
    },
    {
      "name": "CHARME",
      "address": ""
    },
    {
      "name": "CHOUETTE",
      "address": ""
    },
    {
      "name": "ciafary",
      "address": ""
    },
    {
      "name": "coco color",
      "address": ""
    },
    {
      "name": "Croom-act-",
      "address": ""
    },
    {
      "name": "Cut Room AREA",
      "address": ""
    },
    {
      "name": "Cut salon FIX",
      "address": ""
    },
    {
      "name": "cut salon M",
      "address": ""
    },
    {
      "name": "DETOROA水沢店",
      "address": ""
    },
    {
      "name": "Diningcafe とかげのしっぽ",
      "address": ""
    },
    {
      "name": "DOG CAFÉ BBEY ROAD",
      "address": ""
    },
    {
      "name": "dog salon toitoitoi",
      "address": ""
    },
    {
      "name": "DREAM GARAGE SRT",
      "address": ""
    },
    {
      "name": "DREAMSANTA",
      "address": ""
    },
    {
      "name": "effect 江刺店",
      "address": ""
    },
    {
      "name": "EKOLU",
      "address": ""
    },
    {
      "name": "Eye Design Enne Eye Desig Enne",
      "address": ""
    },
    {
      "name": "eyelash bambi",
      "address": ""
    },
    {
      "name": "Eyelash Salon Mopu",
      "address": ""
    },
    {
      "name": "eyelashsalonREPO",
      "address": ""
    },
    {
      "name": "Faden",
      "address": ""
    },
    {
      "name": "FLOWER&PLANTS OOUCHI",
      "address": ""
    },
    {
      "name": "FUSION",
      "address": ""
    },
    {
      "name": "GANESH 水沢佐倉店",
      "address": ""
    },
    {
      "name": "GarageBar Subsp",
      "address": ""
    },
    {
      "name": "G-dog",
      "address": ""
    },
    {
      "name": "GIVEDAIYA",
      "address": ""
    },
    {
      "name": "GREATES GROUND",
      "address": ""
    },
    {
      "name": "HAIR FUGA",
      "address": ""
    },
    {
      "name": "Hair&Café brooch hair部",
      "address": ""
    },
    {
      "name": "hairdesign&gallery",
      "address": ""
    },
    {
      "name": "innocent",
      "address": ""
    },
    {
      "name": "jasmine",
      "address": ""
    },
    {
      "name": "JAZZRIZE STORE",
      "address": ""
    },
    {
      "name": "JEANS WORLD",
      "address": ""
    },
    {
      "name": "joujou",
      "address": ""
    },
    {
      "name": "JUKE300",
      "address": ""
    },
    {
      "name": "KanchansHouse",
      "address": ""
    },
    {
      "name": "KID'S BLUE",
      "address": ""
    },
    {
      "name": "kray's nail",
      "address": ""
    },
    {
      "name": "liitos",
      "address": ""
    },
    {
      "name": "LIKE CHAIR",
      "address": ""
    },
    {
      "name": "LILY",
      "address": ""
    },
    {
      "name": "LIVE HAIR",
      "address": ""
    },
    {
      "name": "Lounge café juke",
      "address": ""
    },
    {
      "name": "Luce Hair",
      "address": ""
    },
    {
      "name": "LUSH HAIR PARK",
      "address": ""
    },
    {
      "name": "MASH HAIR",
      "address": ""
    },
    {
      "name": "MELEM",
      "address": ""
    },
    {
      "name": "misuzu",
      "address": ""
    },
    {
      "name": "moiphotograph",
      "address": ""
    },
    {
      "name": "MONDE BAR BER",
      "address": ""
    },
    {
      "name": "MOTO-SHOP ささきち",
      "address": ""
    },
    {
      "name": "mum",
      "address": ""
    },
    {
      "name": "Nail Atelier Rayse",
      "address": ""
    },
    {
      "name": "nappy clover",
      "address": ""
    },
    {
      "name": "NARIOKAYA",
      "address": ""
    },
    {
      "name": "NAUGHTY BOY",
      "address": ""
    },
    {
      "name": "NICO→LINO ",
      "address": ""
    },
    {
      "name": "NIGHT　PUB Harf",
      "address": ""
    },
    {
      "name": "Ns.pilates",
      "address": ""
    },
    {
      "name": "OBRIGADA",
      "address": ""
    },
    {
      "name": "Ogu-Ogu CAFÉ",
      "address": ""
    },
    {
      "name": "OLD ROCKET",
      "address": ""
    },
    {
      "name": "oshu mizusawaプチカフェ",
      "address": ""
    },
    {
      "name": "Osteria Fioritura",
      "address": ""
    },
    {
      "name": "Ozhair",
      "address": ""
    },
    {
      "name": "Pain de Hakuu",
      "address": ""
    },
    {
      "name": "Palma",
      "address": ""
    },
    {
      "name": "PAPASBARBER",
      "address": ""
    },
    {
      "name": "PCリフレッシュサービス",
      "address": ""
    },
    {
      "name": "Pizza&bar122",
      "address": ""
    },
    {
      "name": "planter",
      "address": ""
    },
    {
      "name": "presse café",
      "address": ""
    },
    {
      "name": "Prink",
      "address": ""
    },
    {
      "name": "PRIVATE SALON TIARA",
      "address": ""
    },
    {
      "name": "Raise Your Beauty",
      "address": ""
    },
    {
      "name": "RePos",
      "address": ""
    },
    {
      "name": "Ricoa",
      "address": ""
    },
    {
      "name": "Ring・Ring",
      "address": ""
    },
    {
      "name": "ROLLING ROLLING BAKE",
      "address": ""
    },
    {
      "name": "RooP",
      "address": ""
    },
    {
      "name": "Ruida",
      "address": ""
    },
    {
      "name": "S style",
      "address": ""
    },
    {
      "name": "SARASA",
      "address": ""
    },
    {
      "name": "SATOみ",
      "address": ""
    },
    {
      "name": "Seems",
      "address": ""
    },
    {
      "name": "SHANA",
      "address": ""
    },
    {
      "name": "SHANA",
      "address": ""
    },
    {
      "name": "sherry NAIL&EYELASH SALON",
      "address": ""
    },
    {
      "name": "Sirene",
      "address": ""
    },
    {
      "name": "so__n.",
      "address": ""
    },
    {
      "name": "St.ailes セントエール",
      "address": ""
    },
    {
      "name": "sunfrex solka",
      "address": ""
    },
    {
      "name": "Tect kitchen",
      "address": ""
    },
    {
      "name": "TELIER Cou cou!",
      "address": ""
    },
    {
      "name": "Ulu eyelash",
      "address": ""
    },
    {
      "name": "Unma",
      "address": ""
    },
    {
      "name": "Vivace",
      "address": ""
    },
    {
      "name": "VIVD",
      "address": ""
    },
    {
      "name": "wamiles フェイシャルエステサロン",
      "address": ""
    },
    {
      "name": "ya.2号店",
      "address": ""
    },
    {
      "name": "Yak son",
      "address": ""
    },
    {
      "name": "yoemy",
      "address": ""
    },
    {
      "name": "YOLISULFUCHI",
      "address": ""
    },
    {
      "name": "Zeus",
      "address": ""
    },
    {
      "name": "青木旅館",
      "address": ""
    },
    {
      "name": "味香",
      "address": ""
    },
    {
      "name": "味のさんま",
      "address": ""
    },
    {
      "name": "アディ・ダルマ",
      "address": ""
    },
    {
      "name": "アトミコ",
      "address": ""
    },
    {
      "name": "阿都麻焼 悠工房",
      "address": ""
    },
    {
      "name": "アルプス美容院",
      "address": ""
    },
    {
      "name": "アレンジ・ベース",
      "address": ""
    },
    {
      "name": "居酒屋魚炉",
      "address": ""
    },
    {
      "name": "居酒屋龍",
      "address": ""
    },
    {
      "name": "いずみ音楽教室",
      "address": ""
    },
    {
      "name": "一八",
      "address": ""
    },
    {
      "name": "いっぷくや",
      "address": ""
    },
    {
      "name": "移動カフェBunnatatta",
      "address": ""
    },
    {
      "name": "いなか料理おふくろ",
      "address": ""
    },
    {
      "name": "いぬの床やさん　いぬとこ",
      "address": ""
    },
    {
      "name": "いやしとリンパケアサロンアユパワン",
      "address": ""
    },
    {
      "name": "癒しの手",
      "address": ""
    },
    {
      "name": "イワセキカーウォーカー",
      "address": ""
    },
    {
      "name": "岩手三陸かき酒場",
      "address": ""
    },
    {
      "name": "岩手日報前沢販売センター",
      "address": ""
    },
    {
      "name": "イワブチ本店",
      "address": ""
    },
    {
      "name": "ウィッチの森",
      "address": ""
    },
    {
      "name": "牛匠おがた　駅東店",
      "address": ""
    },
    {
      "name": "江刺スターファーム紺野りんご園",
      "address": ""
    },
    {
      "name": "江刺ボデー",
      "address": ""
    },
    {
      "name": "エステサロンVISAI",
      "address": ""
    },
    {
      "name": "エステティックスタジオアリス",
      "address": ""
    },
    {
      "name": "縁つ",
      "address": ""
    },
    {
      "name": "欧州酒場マルシェ",
      "address": ""
    },
    {
      "name": "おうちカフェMIUMIU",
      "address": ""
    },
    {
      "name": "大内生花店",
      "address": ""
    },
    {
      "name": "オートサービス　ホリデー車検奥州",
      "address": ""
    },
    {
      "name": "オートパークエンドー整備部門",
      "address": ""
    },
    {
      "name": "鳳整骨院",
      "address": ""
    },
    {
      "name": "オーパーツ",
      "address": ""
    },
    {
      "name": "奥州エナジー株式会社",
      "address": ""
    },
    {
      "name": "奥州駒形丼丸水沢店",
      "address": ""
    },
    {
      "name": "奥州宍戸眼鏡店",
      "address": ""
    },
    {
      "name": "奥州水沢きもの着付け教室",
      "address": ""
    },
    {
      "name": "お好み焼　鉄板焼き　喜楽",
      "address": ""
    },
    {
      "name": "お好み焼しんてん",
      "address": ""
    },
    {
      "name": "お食事処かぐや本店",
      "address": ""
    },
    {
      "name": "お食事処としみ",
      "address": ""
    },
    {
      "name": "お食事処ひろ亭",
      "address": ""
    },
    {
      "name": "おそうじ本舗",
      "address": ""
    },
    {
      "name": "おだき治療院",
      "address": ""
    },
    {
      "name": "お茶の菅原園",
      "address": ""
    },
    {
      "name": "小山製麺　直売所",
      "address": ""
    },
    {
      "name": "及甚",
      "address": ""
    },
    {
      "name": "及源鋳造株式会社 ORIGIN FACTORYSHOP",
      "address": ""
    },
    {
      "name": "オリーブハウス",
      "address": ""
    },
    {
      "name": "音楽の森ヴァース株式会社",
      "address": ""
    },
    {
      "name": "カーオートモリタ",
      "address": ""
    },
    {
      "name": "ガーデンショップ花駒",
      "address": ""
    },
    {
      "name": "回進堂 愛宕店",
      "address": ""
    },
    {
      "name": "海鮮食楽 一魯",
      "address": ""
    },
    {
      "name": "カイロ＆エステCOJU",
      "address": ""
    },
    {
      "name": "隠屋　水沢店",
      "address": ""
    },
    {
      "name": "菓子処後藤屋駅前店",
      "address": ""
    },
    {
      "name": "カットハウスRUN",
      "address": ""
    },
    {
      "name": "カットハウスサトー",
      "address": ""
    },
    {
      "name": "カットルームエリア",
      "address": ""
    },
    {
      "name": "割烹　西京庵",
      "address": ""
    },
    {
      "name": "カフェ&リラクゼーション ねこのて",
      "address": ""
    },
    {
      "name": "カフェ温",
      "address": ""
    },
    {
      "name": "カフェシュガードロップ",
      "address": ""
    },
    {
      "name": "カフェレストランベーシック",
      "address": ""
    },
    {
      "name": "株式会社3-WIN ドリームガレージSRT",
      "address": ""
    },
    {
      "name": "株式会社東邦",
      "address": ""
    },
    {
      "name": "株式会社村考",
      "address": ""
    },
    {
      "name": "かんのシューズ",
      "address": ""
    },
    {
      "name": "キクセイ自動車工業",
      "address": ""
    },
    {
      "name": "きくち犬猫病院",
      "address": ""
    },
    {
      "name": "菊池タカ商店",
      "address": ""
    },
    {
      "name": "きこり工房",
      "address": ""
    },
    {
      "name": "キッチンKen",
      "address": ""
    },
    {
      "name": "キノヤ食品",
      "address": ""
    },
    {
      "name": "きもの(有)あさ川",
      "address": ""
    },
    {
      "name": "キャットミントメイプル",
      "address": ""
    },
    {
      "name": "牛たん　東",
      "address": ""
    },
    {
      "name": "串処　なの花",
      "address": ""
    },
    {
      "name": "クニサダカメラ店",
      "address": ""
    },
    {
      "name": "クリーニングユニオン商会",
      "address": ""
    },
    {
      "name": "クルマドーカスタムファクトリー第一整備部",
      "address": ""
    },
    {
      "name": "元気イズム整骨院",
      "address": ""
    },
    {
      "name": "ご当地グルメセレクション前沢店",
      "address": ""
    },
    {
      "name": "コバック奥州店（駒形商店）",
      "address": ""
    },
    {
      "name": "米こやマルシェ",
      "address": ""
    },
    {
      "name": "小料理　あざみ",
      "address": ""
    },
    {
      "name": "今野商店",
      "address": ""
    },
    {
      "name": "佐秋鋳造所",
      "address": ""
    },
    {
      "name": "サイクル　ササキ",
      "address": ""
    },
    {
      "name": "サイクルセンター蜂谷",
      "address": ""
    },
    {
      "name": "櫻　接骨院",
      "address": ""
    },
    {
      "name": "佐々長",
      "address": ""
    },
    {
      "name": "さつき美容室",
      "address": ""
    },
    {
      "name": "佐吉",
      "address": ""
    },
    {
      "name": "サロンこみち",
      "address": ""
    },
    {
      "name": "サンエススポーツ",
      "address": ""
    },
    {
      "name": "サンタ・サン",
      "address": ""
    },
    {
      "name": "サン美容室",
      "address": ""
    },
    {
      "name": "シシド眼鏡時計店",
      "address": ""
    },
    {
      "name": "システムナカザワ",
      "address": ""
    },
    {
      "name": "四川",
      "address": ""
    },
    {
      "name": "七福神",
      "address": ""
    },
    {
      "name": "写真空間る～と２",
      "address": ""
    },
    {
      "name": "シャディ　たつのや",
      "address": ""
    },
    {
      "name": "ジャマイ館",
      "address": ""
    },
    {
      "name": "小の寺時計店",
      "address": ""
    },
    {
      "name": "しょうほうえん",
      "address": ""
    },
    {
      "name": "ショコラ",
      "address": ""
    },
    {
      "name": "ショッピングセンターたかぎ",
      "address": ""
    },
    {
      "name": "しんちゃん運転代行",
      "address": ""
    },
    {
      "name": "信和車体工業",
      "address": ""
    },
    {
      "name": "スカイウェイ自動車販売",
      "address": ""
    },
    {
      "name": "菅原クリーニング",
      "address": ""
    },
    {
      "name": "菅原自工",
      "address": ""
    },
    {
      "name": "助八寿司",
      "address": ""
    },
    {
      "name": "鮨和食処弥科",
      "address": ""
    },
    {
      "name": "スズシン美容館",
      "address": ""
    },
    {
      "name": "須田施術院　中町分院",
      "address": ""
    },
    {
      "name": "すたんど割烹味春",
      "address": ""
    },
    {
      "name": "スナック　up",
      "address": ""
    },
    {
      "name": "スナック・ストロベリーハート",
      "address": ""
    },
    {
      "name": "整体＆リンパメディカル　心療術院",
      "address": ""
    },
    {
      "name": "セブンランドリー",
      "address": ""
    },
    {
      "name": "セントエール",
      "address": ""
    },
    {
      "name": "千成",
      "address": ""
    },
    {
      "name": "せんや",
      "address": ""
    },
    {
      "name": "そば処 薬厨百恵",
      "address": ""
    },
    {
      "name": "蕎麦屋二想",
      "address": ""
    },
    {
      "name": "第一自動車学校",
      "address": ""
    },
    {
      "name": "大黒屋商店",
      "address": ""
    },
    {
      "name": "ダイニング・バルLILY",
      "address": ""
    },
    {
      "name": "大漁丼屋",
      "address": ""
    },
    {
      "name": "高橋自動車工業 本店",
      "address": ""
    },
    {
      "name": "多機能型子育て支援施設コレル",
      "address": ""
    },
    {
      "name": "竹乃家",
      "address": ""
    },
    {
      "name": "田代整骨院",
      "address": ""
    },
    {
      "name": "ダスキン",
      "address": ""
    },
    {
      "name": "龍園",
      "address": ""
    },
    {
      "name": "脱毛サロン recca",
      "address": ""
    },
    {
      "name": "たまこ屋",
      "address": ""
    },
    {
      "name": "たらふく道",
      "address": ""
    },
    {
      "name": "胆沢車体工業",
      "address": ""
    },
    {
      "name": "胆沢住宅設備",
      "address": ""
    },
    {
      "name": "胆沢文化創造センター",
      "address": ""
    },
    {
      "name": "地球屋",
      "address": ""
    },
    {
      "name": "ちゃんこ部屋太五郎",
      "address": ""
    },
    {
      "name": "彫刻工芸菊広",
      "address": ""
    },
    {
      "name": "月の雫",
      "address": ""
    },
    {
      "name": "つくしん坊",
      "address": ""
    },
    {
      "name": "つるかめ食堂",
      "address": ""
    },
    {
      "name": "ディーディーズカフェ",
      "address": ""
    },
    {
      "name": "ディオール",
      "address": ""
    },
    {
      "name": "デトックスリンパサロンsun.",
      "address": ""
    },
    {
      "name": "てらにし整骨院",
      "address": ""
    },
    {
      "name": "天狗の宴　前沢店",
      "address": ""
    },
    {
      "name": "東京自動車株式会社",
      "address": ""
    },
    {
      "name": "どうぶつの森",
      "address": ""
    },
    {
      "name": "ドクターネイル爪革命　岩手",
      "address": ""
    },
    {
      "name": "とこやさんやなぎ",
      "address": ""
    },
    {
      "name": "とばりゴルフ",
      "address": ""
    },
    {
      "name": "鳥海米穀店",
      "address": ""
    },
    {
      "name": "苗工房かつやま",
      "address": ""
    },
    {
      "name": "なごり雪",
      "address": ""
    },
    {
      "name": "なめしだや商店",
      "address": ""
    },
    {
      "name": "南部宝生堂　株式会社及富 本社",
      "address": ""
    },
    {
      "name": "肉のちだきゅう",
      "address": ""
    },
    {
      "name": "日本珈琲社",
      "address": ""
    },
    {
      "name": "ニュー藤駒",
      "address": ""
    },
    {
      "name": "ニューメモリー",
      "address": ""
    },
    {
      "name": "ネイルサロンreposnail",
      "address": ""
    },
    {
      "name": "ねこのおるすばん Catnap",
      "address": ""
    },
    {
      "name": "農産グループえさしベリー",
      "address": ""
    },
    {
      "name": "はーでぃ・がーでぃ",
      "address": ""
    },
    {
      "name": "バーバー・マルミ",
      "address": ""
    },
    {
      "name": "ハーブの家コテージ",
      "address": ""
    },
    {
      "name": "パール・ドライバーサービス6号車",
      "address": ""
    },
    {
      "name": "パイオニア自動車",
      "address": ""
    },
    {
      "name": "ハイカラヤ",
      "address": ""
    },
    {
      "name": "売店",
      "address": ""
    },
    {
      "name": "パッケージプラザ・ササキ",
      "address": ""
    },
    {
      "name": "発酵onigiri Café",
      "address": ""
    },
    {
      "name": "はっとり園",
      "address": ""
    },
    {
      "name": "パティスリーパルファン",
      "address": ""
    },
    {
      "name": "花園理容",
      "address": ""
    },
    {
      "name": "花わらし",
      "address": ""
    },
    {
      "name": "はまらん家　本店",
      "address": ""
    },
    {
      "name": "林モータース",
      "address": ""
    },
    {
      "name": "原中整体院",
      "address": ""
    },
    {
      "name": "はりきゅうマッサージ　ほぐし屋",
      "address": ""
    },
    {
      "name": "ハワイアンカフェ　くいぼ",
      "address": ""
    },
    {
      "name": "パンケーキ専門店ブレッシング",
      "address": ""
    },
    {
      "name": "パン工房マルキ",
      "address": ""
    },
    {
      "name": "ぱん日和",
      "address": ""
    },
    {
      "name": "ハンフリーベア",
      "address": ""
    },
    {
      "name": "ビーンズグループ",
      "address": ""
    },
    {
      "name": "ひたか亭",
      "address": ""
    },
    {
      "name": "ビテラス",
      "address": ""
    },
    {
      "name": "秘密基地",
      "address": ""
    },
    {
      "name": "ひめかゆ温泉",
      "address": ""
    },
    {
      "name": "ビューティーサロンアルプス",
      "address": ""
    },
    {
      "name": "ビューティーフレンド",
      "address": ""
    },
    {
      "name": "美容院ベルモード",
      "address": ""
    },
    {
      "name": "美容室ao",
      "address": ""
    },
    {
      "name": "美容室BETH",
      "address": ""
    },
    {
      "name": "美容室PONTE",
      "address": ""
    },
    {
      "name": "美容室オザワ",
      "address": ""
    },
    {
      "name": "美容室テンダー",
      "address": ""
    },
    {
      "name": "美容室トシ",
      "address": ""
    },
    {
      "name": "美容室どりーむ",
      "address": ""
    },
    {
      "name": "美容整体エステ　花音",
      "address": ""
    },
    {
      "name": "ビレッジインポート",
      "address": ""
    },
    {
      "name": "ヒロ整体院",
      "address": ""
    },
    {
      "name": "ブーランジェリーコショネ",
      "address": ""
    },
    {
      "name": "フォトEYE",
      "address": ""
    },
    {
      "name": "フォトスタジオ近代社",
      "address": ""
    },
    {
      "name": "プラザイン水沢和食処きくすい",
      "address": ""
    },
    {
      "name": "フラワーショップ和華",
      "address": ""
    },
    {
      "name": "振袖マイン",
      "address": ""
    },
    {
      "name": "ぷりむら",
      "address": ""
    },
    {
      "name": "古都の遊食",
      "address": ""
    },
    {
      "name": "プレッセ",
      "address": ""
    },
    {
      "name": "フレンド",
      "address": ""
    },
    {
      "name": "ヘアークリエイトガレージB.B",
      "address": ""
    },
    {
      "name": "ヘアーサロンスズキ",
      "address": ""
    },
    {
      "name": "ヘアーサロンタカ",
      "address": ""
    },
    {
      "name": "ヘアースタジオエス",
      "address": ""
    },
    {
      "name": "ヘアーモードサロンニッタ",
      "address": ""
    },
    {
      "name": "ボードゲームカフェhangout",
      "address": ""
    },
    {
      "name": "ほぐし処癒しの手",
      "address": ""
    },
    {
      "name": "ボディコントロールサロン星の丘",
      "address": ""
    },
    {
      "name": "ボディメンテナンスサロン花音",
      "address": ""
    },
    {
      "name": "ホテルニュー江刺",
      "address": ""
    },
    {
      "name": "ほわっと",
      "address": ""
    },
    {
      "name": "前沢牛オガタ",
      "address": ""
    },
    {
      "name": "前沢自動車学校　本社",
      "address": ""
    },
    {
      "name": "前沢タクシー",
      "address": ""
    },
    {
      "name": "まこと鍼灸整骨院",
      "address": ""
    },
    {
      "name": "まつげエクステパーマサロン",
      "address": ""
    },
    {
      "name": "松田書店",
      "address": ""
    },
    {
      "name": "松永金物",
      "address": ""
    },
    {
      "name": "まるやだんご店",
      "address": ""
    },
    {
      "name": "丸和金物店",
      "address": ""
    },
    {
      "name": "萬福食堂",
      "address": ""
    },
    {
      "name": "ミズサキノートMizusaki Note",
      "address": ""
    },
    {
      "name": "水沢グランドホテル",
      "address": ""
    },
    {
      "name": "水沢グリーンホテル",
      "address": ""
    },
    {
      "name": "水沢サンパレスホテル",
      "address": ""
    },
    {
      "name": "水沢スポーツクラブ",
      "address": ""
    },
    {
      "name": "水沢銘菓処　柳屋",
      "address": ""
    },
    {
      "name": "水沢ラジコン",
      "address": ""
    },
    {
      "name": "ミチノク　アサヒ飲料自販機",
      "address": ""
    },
    {
      "name": "みどりや",
      "address": ""
    },
    {
      "name": "民宿おっきり",
      "address": ""
    },
    {
      "name": "ムッシュひろふみの店",
      "address": ""
    },
    {
      "name": "明光堂カメラ店",
      "address": ""
    },
    {
      "name": "メガネの今野",
      "address": ""
    },
    {
      "name": "メディカルリンパサロンHANEUL",
      "address": ""
    },
    {
      "name": "メナードフェイシャルサロン",
      "address": ""
    },
    {
      "name": "麵屋琥珀",
      "address": ""
    },
    {
      "name": "八重吉煎餅店",
      "address": ""
    },
    {
      "name": "焼鳥まる",
      "address": ""
    },
    {
      "name": "焼肉奥州うしまる",
      "address": ""
    },
    {
      "name": "薬師堂温泉",
      "address": ""
    },
    {
      "name": "薬師堂温泉レストラン竹林",
      "address": ""
    },
    {
      "name": "大和自動車工業",
      "address": ""
    },
    {
      "name": "ユーエスモーター",
      "address": ""
    },
    {
      "name": "有限会社　カーシー",
      "address": ""
    },
    {
      "name": "有限会社インドア",
      "address": ""
    },
    {
      "name": "有限会社健美",
      "address": ""
    },
    {
      "name": "有限会社第一相互自動車整備工場",
      "address": ""
    },
    {
      "name": "有限会社第三ライスセンター",
      "address": ""
    },
    {
      "name": "有限会社高陽自動車工業",
      "address": ""
    },
    {
      "name": "有限会社丸谷自動車センター",
      "address": ""
    },
    {
      "name": "有限会社名家処高千代",
      "address": ""
    },
    {
      "name": "夢楽のパン工房　Yadorigi",
      "address": ""
    },
    {
      "name": "ユルク.",
      "address": ""
    },
    {
      "name": "吉田製麺",
      "address": ""
    },
    {
      "name": "吉田屋",
      "address": ""
    },
    {
      "name": "吉兆寿司",
      "address": ""
    },
    {
      "name": "よつばマッサージ・はりきゅう院",
      "address": ""
    },
    {
      "name": "らあ麺志希",
      "address": ""
    },
    {
      "name": "ラーメンショップ壱星",
      "address": ""
    },
    {
      "name": "ラーメンショップ奥州店",
      "address": ""
    },
    {
      "name": "ラーメンショップ壱屋",
      "address": ""
    },
    {
      "name": "らーめん徹治水沢店",
      "address": ""
    },
    {
      "name": "ラーメンともちゃん",
      "address": ""
    },
    {
      "name": "らいおん食堂",
      "address": ""
    },
    {
      "name": "楽々",
      "address": ""
    },
    {
      "name": "らふぃあ",
      "address": ""
    },
    {
      "name": "羅羅",
      "address": ""
    },
    {
      "name": "陸奥屋",
      "address": ""
    },
    {
      "name": "理数専門学習塾　空葉理数院",
      "address": ""
    },
    {
      "name": "リゼラアンドコー奥州水沢店",
      "address": ""
    },
    {
      "name": "リップス美樹",
      "address": ""
    },
    {
      "name": "リフォームRUN",
      "address": ""
    },
    {
      "name": "理容オイカワ",
      "address": ""
    },
    {
      "name": "理容室クレール",
      "address": ""
    },
    {
      "name": "リンムー本店",
      "address": ""
    },
    {
      "name": "ルリアン Le Lien",
      "address": ""
    },
    {
      "name": "歴史公園　えさし藤原の郷",
      "address": ""
    },
    {
      "name": "レザークラフトメェメェ工房",
      "address": ""
    },
    {
      "name": "レストラン　パティオ",
      "address": ""
    },
    {
      "name": "レストランアザリア",
      "address": ""
    },
    {
      "name": "レストランエルミタージュ",
      "address": ""
    },
    {
      "name": "レストランエルミタージュ",
      "address": ""
    },
    {
      "name": "煉瓦家",
      "address": ""
    },
    {
      "name": "和食ダイニング　あん、庵",
      "address": ""
    },
    {
      "name": "ワタナベ商店",
      "address": ""
    },
    {
      "name": "菊要商店",
      "address": ""
    },
    {
      "name": "森下理容店",
      "address": ""
    }
  ],
  "ガソリンスタンド": [
    {
      "name": "ネクスコ東日本SA/PA　前沢SA(上り)",
      "address": ""
    },
    {
      "name": "JA-SS セルフ来夢くん",
      "address": ""
    },
    {
      "name": "JA-SS 岩谷堂給油所",
      "address": ""
    },
    {
      "name": "JA-SS 玉里給油所",
      "address": ""
    },
    {
      "name": "コスモ石油 水沢給油所",
      "address": ""
    },
    {
      "name": "マルヨウ",
      "address": ""
    },
    {
      "name": "コスモ石油 クエストL台町給油所",
      "address": ""
    },
    {
      "name": "JA-SS 池田燃料センター",
      "address": ""
    },
    {
      "name": "株式会社 今野商店 前沢中央SS",
      "address": ""
    },
    {
      "name": "吉田石油",
      "address": ""
    },
    {
      "name": "コスモ石油　セルフ水沢北給油所",
      "address": ""
    },
    {
      "name": "株式会社今野商店 前沢バイパス東SS",
      "address": ""
    },
    {
      "name": "JA-SS 小山燃料センター",
      "address": ""
    },
    {
      "name": "水沢江刺SS",
      "address": ""
    },
    {
      "name": "JA-SS 藤里給油所",
      "address": ""
    },
    {
      "name": "株式会社今野商店 前沢バイパス南SS",
      "address": ""
    },
    {
      "name": "JA-SS 南都田燃料センター",
      "address": ""
    },
    {
      "name": "ENEOS 胆沢(有)タイガー商店",
      "address": ""
    },
    {
      "name": "JA-SS 前沢燃料センター",
      "address": ""
    }
  ],
  "スーパーマーケット": [
    {
      "name": "JA岩手ふるさと",
      "address": ""
    },
    {
      "name": "Kマート",
      "address": ""
    },
    {
      "name": "丸正ストアー",
      "address": ""
    },
    {
      "name": "JA江刺",
      "address": ""
    },
    {
      "name": "岩手屋ファーム　畑直売",
      "address": ""
    }
  ],
  "ドラッグストア": [
    {
      "name": "くすりのオーパ",
      "address": ""
    },
    {
      "name": "天下堂",
      "address": ""
    },
    {
      "name": "モイスティーヌ奥州サロン",
      "address": ""
    },
    {
      "name": "美SHOPヴィーナス",
      "address": ""
    },
    {
      "name": "CEサロン　リップス",
      "address": ""
    },
    {
      "name": "コスメティックガーデンマリヤ",
      "address": ""
    },
    {
      "name": "リップス",
      "address": ""
    },
    {
      "name": "近代美容商事",
      "address": ""
    }
  ],
  "家電量販店": [
    {
      "name": "cross×lab　イベント",
      "address": ""
    },
    {
      "name": "岩手日報江刺販売センター",
      "address": ""
    },
    {
      "name": "千田善商店",
      "address": ""
    },
    {
      "name": "昭和 ki chi",
      "address": ""
    },
    {
      "name": "千田電器",
      "address": ""
    },
    {
      "name": "有限会社伊藤電機",
      "address": ""
    },
    {
      "name": "ヤワタ電器",
      "address": ""
    },
    {
      "name": "パソコンショップFactory",
      "address": ""
    },
    {
      "name": "岩谷堂箪笥　ショールーム",
      "address": ""
    },
    {
      "name": "わいわいネット",
      "address": ""
    },
    {
      "name": "及川電機商会株式会社",
      "address": ""
    },
    {
      "name": "南部成龍堂",
      "address": ""
    },
    {
      "name": "(有)ベルミマス",
      "address": ""
    },
    {
      "name": "パナデン",
      "address": ""
    },
    {
      "name": "平畳店",
      "address": ""
    },
    {
      "name": "ごとうでんき　衣川店",
      "address": ""
    },
    {
      "name": "陶房マルヨウ",
      "address": ""
    },
    {
      "name": "長野家具本店",
      "address": ""
    },
    {
      "name": "有限会社電化プラザ小田原店",
      "address": ""
    },
    {
      "name": "胆沢富士電機",
      "address": ""
    },
    {
      "name": "サークル",
      "address": ""
    },
    {
      "name": "岩谷堂箪笥　イベント用",
      "address": ""
    }
  ],
  "酒屋・リカーショップ": [
    {
      "name": "伊藤酒店",
      "address": ""
    },
    {
      "name": "吉田酒店",
      "address": ""
    }
  ]
}