{
  "その他": [
    {
      "name": "読売センターさがみ野",
      "address": "さがみ野2丁目"
    },
    {
      "name": "リカーランドトップ 座間店",
      "address": "ひばりが丘1丁目"
    },
    {
      "name": "studioCoRe ハンドメイド",
      "address": "ひばりが丘2丁目"
    },
    {
      "name": "NAKAHARA映像舎",
      "address": "ひばりが丘3丁目"
    },
    {
      "name": "エステ・スクエアさがみ野団地管理組合",
      "address": "ひばりが丘3丁目"
    },
    {
      "name": "澤動物病院",
      "address": "栗原中央1丁目"
    },
    {
      "name": "archive",
      "address": "広野台1丁目"
    },
    {
      "name": "R-FIX 座間店",
      "address": "広野台1丁目"
    },
    {
      "name": "野天湯元 湯快爽快 ざま",
      "address": "広野台1丁目"
    },
    {
      "name": "タイタッチ座間店",
      "address": "座間1丁目"
    },
    {
      "name": "アシスト24 神奈川座間店",
      "address": "座間1丁目"
    },
    {
      "name": "ナチュラ動物病院",
      "address": "座間2丁目"
    },
    {
      "name": "リウィンクス",
      "address": "座間2丁目"
    },
    {
      "name": "カーエキスパート",
      "address": "四ツ谷"
    },
    {
      "name": "TOTALREPAIR TAKEM",
      "address": "四ツ谷"
    },
    {
      "name": "NPOさがみ 座間小松原荘",
      "address": "小松原2丁目"
    },
    {
      "name": "アーナンダ",
      "address": "相武台1丁目"
    },
    {
      "name": "アクアサービス 武村アクアサービス",
      "address": "相武台1丁目"
    },
    {
      "name": "正山工業",
      "address": "相武台1丁目"
    },
    {
      "name": "ガスペック 神奈川支店",
      "address": "相武台2丁目"
    },
    {
      "name": "かえるの棲",
      "address": "相模が丘1丁目"
    },
    {
      "name": "エコライフ館",
      "address": "相模が丘1丁目"
    },
    {
      "name": "Resolve",
      "address": "相模が丘3丁目"
    },
    {
      "name": "しずの湯 相模原",
      "address": "相模が丘3丁目"
    },
    {
      "name": "Tmile Gym",
      "address": "相模が丘5丁目"
    },
    {
      "name": "介護タクシー心",
      "address": "相模が丘5丁目"
    },
    {
      "name": "塗王.com",
      "address": "東原1丁目"
    },
    {
      "name": "フジシン",
      "address": "東原3丁目"
    },
    {
      "name": "モドーリー座間店",
      "address": "東原4丁目"
    },
    {
      "name": "すずき動物病院",
      "address": "南栗原4丁目"
    },
    {
      "name": "嵐の湯座間店",
      "address": "入谷西2丁目"
    },
    {
      "name": "さとう動物病院",
      "address": "入谷西4丁目"
    },
    {
      "name": "レンタルスペースいばしょ/カオカオれすきゅー",
      "address": "入谷東3丁目"
    },
    {
      "name": "藤代工房 梅座敷",
      "address": "入谷東4丁目"
    },
    {
      "name": "レンタルスペースいばしょ/カオカオれすきゅー",
      "address": "入谷東4丁目"
    },
    {
      "name": "三寶天壽企画",
      "address": "緑ケ丘2丁目"
    }
  ],
  "サービス": [
    {
      "name": "ヘアーサロン ハマ",
      "address": "さがみ野1丁目"
    },
    {
      "name": "nicolii",
      "address": "さがみ野2丁目"
    },
    {
      "name": "揉みの樹",
      "address": "さがみ野2丁目"
    },
    {
      "name": "ビューティーライフさがみ野店",
      "address": "さがみ野2丁目"
    },
    {
      "name": "Hair&Spa ANZRIUM",
      "address": "さがみ野2丁目"
    },
    {
      "name": "フォトヤマザキ",
      "address": "さがみ野2丁目"
    },
    {
      "name": "リラクゼーションエステo2",
      "address": "さがみ野2丁目"
    },
    {
      "name": "みんなの整骨院",
      "address": "さがみ野2丁目"
    },
    {
      "name": "ペネロープ",
      "address": "さがみ野2丁目"
    },
    {
      "name": "ami e",
      "address": "さがみ野2丁目"
    },
    {
      "name": "美容室 cancan",
      "address": "さがみ野2丁目"
    },
    {
      "name": "Ashさがみ野店",
      "address": "さがみ野2丁目"
    },
    {
      "name": "K's BARBER SHOP",
      "address": "ひばりが丘1丁目"
    },
    {
      "name": "タイセイサービス",
      "address": "ひばりが丘1丁目"
    },
    {
      "name": "head healing 森のおと",
      "address": "ひばりが丘1丁目"
    },
    {
      "name": "フォトクリエーション コトノハ",
      "address": "ひばりが丘1丁目"
    },
    {
      "name": "花美〜HANABI〜",
      "address": "ひばりが丘1丁目"
    },
    {
      "name": "ワイ・テイ・ビイ カリスマ倶楽部 神奈川 YTB統轄サロン菊池",
      "address": "ひばりが丘2丁目"
    },
    {
      "name": "1&2",
      "address": "ひばりが丘3丁目"
    },
    {
      "name": "エージーパフォーミングアーツ",
      "address": "ひばりが丘3丁目"
    },
    {
      "name": "hair&beauty SOU",
      "address": "ひばりが丘5丁目"
    },
    {
      "name": "プロが教える津軽三味線教室",
      "address": "ひばりが丘5丁目"
    },
    {
      "name": "座間ゴルフ練習場",
      "address": "栗原"
    },
    {
      "name": "ヘアーサロンボン",
      "address": "栗原中央2丁目"
    },
    {
      "name": "トリミングサロンKONA",
      "address": "栗原中央4丁目"
    },
    {
      "name": "いんぺりある",
      "address": "広野台1丁目"
    },
    {
      "name": "CREA イオンモール座間店",
      "address": "広野台2丁目"
    },
    {
      "name": "ding-dongリトミック教室",
      "address": "広野台2丁目"
    },
    {
      "name": "nail cube イオンスタイル座間",
      "address": "広野台2丁目"
    },
    {
      "name": "WILD BEACH 座間",
      "address": "広野台2丁目"
    },
    {
      "name": "石見タクシー",
      "address": "四ツ谷"
    },
    {
      "name": "秀和塗料",
      "address": "小松原2丁目"
    },
    {
      "name": "渡辺タクシー",
      "address": "小松原2丁目"
    },
    {
      "name": "プライベートサロンLOKAHI",
      "address": "小松原2丁目"
    },
    {
      "name": "eyelash salon TEE...",
      "address": "新田宿"
    },
    {
      "name": "侑大",
      "address": "相武台1丁目"
    },
    {
      "name": "スタジオ フォト・デニーロ",
      "address": "相武台1丁目"
    },
    {
      "name": "ModePop 相武台店",
      "address": "相武台1丁目"
    },
    {
      "name": "CREA相武台前",
      "address": "相武台1丁目"
    },
    {
      "name": "Veena nails",
      "address": "相武台1丁目"
    },
    {
      "name": "ひろさわ",
      "address": "相武台1丁目"
    },
    {
      "name": "Amabile",
      "address": "相武台1丁目"
    },
    {
      "name": "落合写真館",
      "address": "相武台1丁目"
    },
    {
      "name": "ヘアリゾート a.soleil",
      "address": "相武台1丁目"
    },
    {
      "name": "アニスはりきゅう治療院",
      "address": "相武台1丁目"
    },
    {
      "name": "HAIR DESIGN ame",
      "address": "相武台2丁目"
    },
    {
      "name": "kie and spa hair",
      "address": "相武台2丁目"
    },
    {
      "name": "PeachNailsmanami",
      "address": "相武台2丁目"
    },
    {
      "name": "BEE'S KNEES",
      "address": "相武台3丁目"
    },
    {
      "name": "アメリカンタウン・米軍基地の英会話教室",
      "address": "相武台3丁目"
    },
    {
      "name": "ulu",
      "address": "相武台3丁目"
    },
    {
      "name": "SUN",
      "address": "相武台3丁目"
    },
    {
      "name": "Choki Peta 相武台店",
      "address": "相武台3丁目"
    },
    {
      "name": "Hair Salon PURAFURA",
      "address": "相武台3丁目"
    },
    {
      "name": "emi&u",
      "address": "相武台3丁目"
    },
    {
      "name": "リラクア 相武台サロン",
      "address": "相武台3丁目"
    },
    {
      "name": "griffin",
      "address": "相武台3丁目"
    },
    {
      "name": "LA COUPE",
      "address": "相武台3丁目"
    },
    {
      "name": "ヘアーサロン フォーユー",
      "address": "相武台4丁目"
    },
    {
      "name": "Link 相武台店",
      "address": "相武台4丁目"
    },
    {
      "name": "Keeepa",
      "address": "相武台4丁目"
    },
    {
      "name": "ビューティーライフ 相武台店",
      "address": "相武台4丁目"
    },
    {
      "name": "シエステ相武台前",
      "address": "相武台4丁目"
    },
    {
      "name": "Piccolino by Produce    小田急相模原店",
      "address": "相模が丘1丁目"
    },
    {
      "name": "ステラネイル",
      "address": "相模が丘1丁目"
    },
    {
      "name": "チェンライ",
      "address": "相模が丘1丁目"
    },
    {
      "name": "ファーストゴルフスクール",
      "address": "相模が丘1丁目"
    },
    {
      "name": "GOEN",
      "address": "相模が丘1丁目"
    },
    {
      "name": "FANTASY DANCE SCHOOL 町田",
      "address": "相模が丘1丁目"
    },
    {
      "name": "なごみ整骨院",
      "address": "相模が丘1丁目"
    },
    {
      "name": "小顔矯正&ロミロミ ラハイナ",
      "address": "相模が丘1丁目"
    },
    {
      "name": "KomFactory",
      "address": "相模が丘1丁目"
    },
    {
      "name": "はあとねいる 座間相模が丘店",
      "address": "相模が丘1丁目"
    },
    {
      "name": "Etupirika",
      "address": "相模が丘2丁目"
    },
    {
      "name": "ほぐし処 癒and… 小田急相模原店",
      "address": "相模が丘2丁目"
    },
    {
      "name": "海ぼうず Healing Room",
      "address": "相模が丘2丁目"
    },
    {
      "name": "Lakka.",
      "address": "相模が丘2丁目"
    },
    {
      "name": "ショートスタイルサロンワルツ",
      "address": "相模が丘2丁目"
    },
    {
      "name": "atto アット",
      "address": "相模が丘3丁目"
    },
    {
      "name": "MAXクリーニング 座間店",
      "address": "相模が丘3丁目"
    },
    {
      "name": "ballet school ダンスール",
      "address": "相模が丘3丁目"
    },
    {
      "name": "アラバンカ柔術アカデミー",
      "address": "相模が丘5丁目"
    },
    {
      "name": "Probe",
      "address": "相模が丘5丁目"
    },
    {
      "name": "asian relaxation villa 小田急相模原店",
      "address": "相模が丘5丁目"
    },
    {
      "name": "LOHAS by KENJE",
      "address": "相模が丘5丁目"
    },
    {
      "name": "美容室ユニティ 小田急相模原店",
      "address": "相模が丘5丁目"
    },
    {
      "name": "痩身とほぐしのRELAX-LABO",
      "address": "相模が丘5丁目"
    },
    {
      "name": "men'sbeauty threw",
      "address": "相模が丘5丁目"
    },
    {
      "name": "siga-siga シガシガ",
      "address": "相模が丘5丁目"
    },
    {
      "name": "ネイルサロンHANA",
      "address": "相模が丘5丁目"
    },
    {
      "name": "ポワルポ",
      "address": "相模が丘5丁目"
    },
    {
      "name": "瑞-鍼灸院",
      "address": "相模が丘5丁目"
    },
    {
      "name": "美顔製作所 Re:im",
      "address": "相模が丘5丁目"
    },
    {
      "name": "Hair&Makeおともだち",
      "address": "相模が丘5丁目"
    },
    {
      "name": "Re:Mind",
      "address": "相模が丘5丁目"
    },
    {
      "name": "AS整体&コンディショニング",
      "address": "相模が丘6丁目"
    },
    {
      "name": "クリーニングショップフラット 相模が丘店",
      "address": "相模が丘6丁目"
    },
    {
      "name": "MRK home nail",
      "address": "相模が丘6丁目"
    },
    {
      "name": "スタジオM&E",
      "address": "東原3丁目"
    },
    {
      "name": "Nail salon Purem",
      "address": "南栗原4丁目"
    },
    {
      "name": "HelC hair care",
      "address": "南栗原4丁目"
    },
    {
      "name": "HAIR HOUSE plumeria",
      "address": "南栗原4丁目"
    },
    {
      "name": "小澤タクシー",
      "address": "南栗原6丁目"
    },
    {
      "name": "美洗館 鈴鹿神社前店",
      "address": "入谷西1丁目"
    },
    {
      "name": "ネイルサロン Mint.",
      "address": "入谷西2丁目"
    },
    {
      "name": "ドライヘッドスパ settleplace",
      "address": "入谷西2丁目"
    },
    {
      "name": "かなん鍼灸院",
      "address": "入谷西3丁目"
    },
    {
      "name": "クロロフイル 座間美顔教室",
      "address": "入谷西3丁目"
    },
    {
      "name": "knot",
      "address": "入谷西4丁目"
    },
    {
      "name": "ガッツレンタカー 座間駅前店",
      "address": "入谷西4丁目"
    },
    {
      "name": "もみかる座間店",
      "address": "入谷西4丁目"
    },
    {
      "name": "ファミールクリーニング 座間店",
      "address": "入谷西5丁目"
    },
    {
      "name": "パソコンスクールZAMa",
      "address": "入谷西5丁目"
    },
    {
      "name": "花岡博士のヴァイオリンスクール",
      "address": "入谷東2丁目"
    },
    {
      "name": "おしゃれ倶楽部 座間入谷店",
      "address": "入谷東3丁目"
    },
    {
      "name": "あいる整骨院",
      "address": "入谷東3丁目"
    },
    {
      "name": "美容室 Noa-Noa",
      "address": "入谷東3丁目"
    },
    {
      "name": "ドッグサロン森のくまさん 座間駅前",
      "address": "入谷東3丁目"
    },
    {
      "name": "Pilates Studio SUNNY",
      "address": "入谷東4丁目"
    },
    {
      "name": "All Kinematics整骨院",
      "address": "入谷東4丁目"
    },
    {
      "name": "香川ピアノ教室",
      "address": "入谷東4丁目"
    },
    {
      "name": "vivy nail",
      "address": "入谷東4丁目"
    },
    {
      "name": "Lady 座間店",
      "address": "立野台2丁目"
    },
    {
      "name": "KaMi-Sha",
      "address": "立野台3丁目"
    },
    {
      "name": "座間動物病院 トリミング・ペットホテル",
      "address": "立野台3丁目"
    },
    {
      "name": "ドッグビューティーサロン ベネカァネ 座間本店",
      "address": "緑ケ丘1丁目"
    },
    {
      "name": "Cozy Bar",
      "address": "緑ケ丘1丁目"
    },
    {
      "name": "Rosmarin",
      "address": "緑ケ丘1丁目"
    },
    {
      "name": "美容室フィーノ",
      "address": "緑ケ丘2丁目"
    },
    {
      "name": "鈴木タクシー",
      "address": "緑ケ丘2丁目"
    },
    {
      "name": "リンパサロン緑櫻-Ryokuha",
      "address": "緑ケ丘4丁目"
    },
    {
      "name": "yogaspacek",
      "address": "緑ケ丘5丁目"
    },
    {
      "name": "To/onハウスクリーニング",
      "address": "緑ケ丘5丁目"
    },
    {
      "name": "Monabu",
      "address": "緑ケ丘5丁目"
    },
    {
      "name": "HAIR MAKE DESART",
      "address": "緑ケ丘6丁目"
    }
  ],
  "小売": [
    {
      "name": "boho lover 本店",
      "address": "さがみ野1丁目"
    },
    {
      "name": "Dog Salon ONE`S",
      "address": "さがみ野2丁目"
    },
    {
      "name": "皆川商会",
      "address": "さがみ野3丁目"
    },
    {
      "name": "RAD",
      "address": "ひばりが丘1丁目"
    },
    {
      "name": "電気&パソコンショップ カブサポ",
      "address": "ひばりが丘2丁目"
    },
    {
      "name": "中島青果店",
      "address": "ひばりが丘3丁目"
    },
    {
      "name": "SUNRICH LEMON",
      "address": "ひばりが丘3丁目"
    },
    {
      "name": "おかし工房 ひばりカフェ",
      "address": "ひばりが丘3丁目"
    },
    {
      "name": "ビッグヨーサン 座間ひばりが丘店",
      "address": "ひばりが丘4丁目"
    },
    {
      "name": "スポーツカムイ 座間店",
      "address": "ひばりが丘4丁目"
    },
    {
      "name": "トイプラザ ビット1",
      "address": "ひばりが丘4丁目"
    },
    {
      "name": "ファイテン@元気UPプラザ",
      "address": "ひばりが丘4丁目"
    },
    {
      "name": "リクラマショールーム",
      "address": "ひばりが丘4丁目"
    },
    {
      "name": "タイヤガーデン 座間",
      "address": "ひばりが丘5丁目"
    },
    {
      "name": "OJIKI工房",
      "address": "ひばりが丘5丁目"
    },
    {
      "name": "KAERUファクトリー",
      "address": "ひばりが丘5丁目"
    },
    {
      "name": "ケープランド",
      "address": "栗原"
    },
    {
      "name": "M.O.F",
      "address": "栗原"
    },
    {
      "name": "garden baum 風の谷のハーブ畑",
      "address": "栗原"
    },
    {
      "name": "座間洋らんセンター",
      "address": "栗原"
    },
    {
      "name": "PreciousWAN",
      "address": "栗原中央1丁目"
    },
    {
      "name": "ざまくりめだか 座間栗原メダカファーム",
      "address": "栗原中央3丁目"
    },
    {
      "name": "Car Shop Liebe",
      "address": "栗原中央4丁目"
    },
    {
      "name": "フランボワーズ",
      "address": "栗原中央6丁目"
    },
    {
      "name": "マリーン&ビンテージカー cotton garadge",
      "address": "広野台1丁目"
    },
    {
      "name": "リサイクルショップOne",
      "address": "広野台1丁目"
    },
    {
      "name": "Hello赤ちゃん 座間店",
      "address": "広野台2丁目"
    },
    {
      "name": "Luck Rack イオンモール座間店",
      "address": "広野台2丁目"
    },
    {
      "name": "アエナ イオンモール座間店",
      "address": "広野台2丁目"
    },
    {
      "name": "コロッケ屋のころっ家 イオンモール座間店",
      "address": "広野台2丁目"
    },
    {
      "name": "ハッシュパピー イオンモール座間店",
      "address": "広野台2丁目"
    },
    {
      "name": "ベビードール イオンモール座間店",
      "address": "広野台2丁目"
    },
    {
      "name": "リーフ イオンモール座間店",
      "address": "広野台2丁目"
    },
    {
      "name": "ルームパステル 座間店",
      "address": "広野台2丁目"
    },
    {
      "name": "韓国スーパー リトルソウル イオンモール座間店",
      "address": "広野台2丁目"
    },
    {
      "name": "紀伊國屋書店 イオンモール座間店",
      "address": "広野台2丁目"
    },
    {
      "name": "手芸の丸十 イオンモール座間店",
      "address": "広野台2丁目"
    },
    {
      "name": "東京と月とお酒(MOON LIQUOR'S TOKYO)",
      "address": "座間1丁目"
    },
    {
      "name": "オート紅菱",
      "address": "座間1丁目"
    },
    {
      "name": "オクツ機械",
      "address": "座間1丁目"
    },
    {
      "name": "フルモト 座間カタノ店",
      "address": "座間1丁目"
    },
    {
      "name": "ワイン・フード若林酒店",
      "address": "座間1丁目"
    },
    {
      "name": "プレスト",
      "address": "座間1丁目"
    },
    {
      "name": "大矢製畳",
      "address": "座間1丁目"
    },
    {
      "name": "TOPOL",
      "address": "四ツ谷"
    },
    {
      "name": "酒のウエキ",
      "address": "小松原2丁目"
    },
    {
      "name": "ケイズフードシステム 座間営業所",
      "address": "小松原2丁目"
    },
    {
      "name": "Smile ハート 座間店",
      "address": "新田宿"
    },
    {
      "name": "freemam2020",
      "address": "新田宿"
    },
    {
      "name": "dogsalon sucre",
      "address": "相武台1丁目"
    },
    {
      "name": "大東繊維相武台店",
      "address": "相武台1丁目"
    },
    {
      "name": "ラーメン屋が作る手作りチャーシュー屋",
      "address": "相武台1丁目"
    },
    {
      "name": "座間ゆたか農園",
      "address": "相武台1丁目"
    },
    {
      "name": "有山商店",
      "address": "相武台1丁目"
    },
    {
      "name": "BAGEL&BAGEL 小田急相武台前駅",
      "address": "相武台1丁目"
    },
    {
      "name": "Odakyu OX 相武台店",
      "address": "相武台1丁目"
    },
    {
      "name": "ランドフローラ ヒビヤカダンスタイル 相武台店",
      "address": "相武台1丁目"
    },
    {
      "name": "おにぎり 惣菜のしょうわ",
      "address": "相武台1丁目"
    },
    {
      "name": "CYCLE SHOP D",
      "address": "相武台1丁目"
    },
    {
      "name": "DOG FREAKS 座間店",
      "address": "相武台1丁目"
    },
    {
      "name": "KLIPOK",
      "address": "相武台2丁目"
    },
    {
      "name": "ブティック優美 座間店",
      "address": "相武台3丁目"
    },
    {
      "name": "パン工房ふくふく 座間店",
      "address": "相武台3丁目"
    },
    {
      "name": "ミートショップニッパイ",
      "address": "相武台3丁目"
    },
    {
      "name": "ストーンレプタイル",
      "address": "相武台4丁目"
    },
    {
      "name": "ますや酒店",
      "address": "相武台4丁目"
    },
    {
      "name": "天然石 癒しの石",
      "address": "相武台4丁目"
    },
    {
      "name": "桜ん坊のパン工房",
      "address": "相模が丘1丁目"
    },
    {
      "name": "K's project",
      "address": "相模が丘1丁目"
    },
    {
      "name": "CROWNBID Recycle Shop",
      "address": "相模が丘1丁目"
    },
    {
      "name": "スタジオテラス",
      "address": "相模が丘1丁目"
    },
    {
      "name": "Deu-Reptiles",
      "address": "相模が丘1丁目"
    },
    {
      "name": "肉屋の肉ヤ 神奈川座間店",
      "address": "相模が丘1丁目"
    },
    {
      "name": "サイクル松村",
      "address": "相模が丘1丁目"
    },
    {
      "name": "さくら・くれーる",
      "address": "相模が丘2丁目"
    },
    {
      "name": "World Charm",
      "address": "相模が丘3丁目"
    },
    {
      "name": "ほのめ堂",
      "address": "相模が丘3丁目"
    },
    {
      "name": "パンの家あいあい",
      "address": "相模が丘3丁目"
    },
    {
      "name": "光鶴園",
      "address": "相模が丘3丁目"
    },
    {
      "name": "サイクルショップ ムラオカ",
      "address": "相模が丘4丁目"
    },
    {
      "name": "お菓子司 とよだや",
      "address": "相模が丘4丁目"
    },
    {
      "name": "ヒダ塗料店",
      "address": "相模が丘4丁目"
    },
    {
      "name": "全国の味噌まさきや",
      "address": "相模が丘5丁目"
    },
    {
      "name": "ガンバワーク 相模原店",
      "address": "相模が丘5丁目"
    },
    {
      "name": "kitchenトリトリ",
      "address": "相模が丘5丁目"
    },
    {
      "name": "office imakara",
      "address": "相模が丘5丁目"
    },
    {
      "name": "HOT SPICE HALAL FOOD",
      "address": "相模が丘5丁目"
    },
    {
      "name": "PIRKACUP",
      "address": "相模が丘5丁目"
    },
    {
      "name": "ipf japan",
      "address": "相模が丘5丁目"
    },
    {
      "name": "Spice Home 相模原店",
      "address": "相模が丘5丁目"
    },
    {
      "name": "アライメガネ",
      "address": "相模が丘5丁目"
    },
    {
      "name": "相模原メガネ",
      "address": "相模が丘5丁目"
    },
    {
      "name": "フレスト",
      "address": "相模が丘6丁目"
    },
    {
      "name": "M&M' motorcycle",
      "address": "相模が丘6丁目"
    },
    {
      "name": "setaria",
      "address": "東原2丁目"
    },
    {
      "name": "かねた屋",
      "address": "東原2丁目"
    },
    {
      "name": "UF Auto",
      "address": "東原2丁目"
    },
    {
      "name": "2りんかん",
      "address": "東原3丁目"
    },
    {
      "name": "ツールオフ 座間店",
      "address": "南栗原1丁目"
    },
    {
      "name": "PGT",
      "address": "南栗原3丁目"
    },
    {
      "name": "メガネストアー さがみ野店",
      "address": "南栗原4丁目"
    },
    {
      "name": "アップガレージ ライダースナップス座間店",
      "address": "南栗原6丁目"
    },
    {
      "name": "ワークトップ",
      "address": "入谷西3丁目"
    },
    {
      "name": "Goldic",
      "address": "入谷西5丁目"
    },
    {
      "name": "新鮮市場なかや 座間入谷店",
      "address": "入谷西5丁目"
    },
    {
      "name": "AB MOTORS",
      "address": "入谷西5丁目"
    },
    {
      "name": "澤田屋ランドセル",
      "address": "入谷東3丁目"
    },
    {
      "name": "ユアシセイドウ マツムラ",
      "address": "入谷東3丁目"
    },
    {
      "name": "Odakyu OX 座間店",
      "address": "入谷東3丁目"
    },
    {
      "name": "sparkjoy",
      "address": "入谷東4丁目"
    },
    {
      "name": "外狩豆腐店",
      "address": "入谷東4丁目"
    },
    {
      "name": "花メッセージ",
      "address": "入谷東4丁目"
    },
    {
      "name": "コーヒーノート",
      "address": "入谷東4丁目"
    },
    {
      "name": "ミートプラザ肉の石川",
      "address": "入谷東4丁目"
    },
    {
      "name": "フローリスト花恵",
      "address": "入谷東4丁目"
    },
    {
      "name": "パン香房つちや立野台店",
      "address": "立野台2丁目"
    },
    {
      "name": "＊maplewarehouse＊",
      "address": "立野台3丁目"
    },
    {
      "name": "ほほえみショップ",
      "address": "緑ケ丘1丁目"
    },
    {
      "name": "タカハシデンキ",
      "address": "緑ケ丘4丁目"
    },
    {
      "name": "グランクール",
      "address": "緑ケ丘5丁目"
    },
    {
      "name": "BIG BEAR",
      "address": "緑ケ丘6丁目"
    },
    {
      "name": "中沢商店",
      "address": "緑ケ丘6丁目"
    },
    {
      "name": "ホークスビーク",
      "address": "緑ケ丘6丁目"
    }
  ],
  "飲食": [
    {
      "name": "花鮨",
      "address": "さがみ野1丁目"
    },
    {
      "name": "伝丸さがみ野",
      "address": "さがみ野1丁目"
    },
    {
      "name": "REDPOISON COFFEE",
      "address": "さがみ野2丁目"
    },
    {
      "name": "やきとり工房 さがみ野店",
      "address": "さがみ野2丁目"
    },
    {
      "name": "えんびより",
      "address": "さがみ野2丁目"
    },
    {
      "name": "あくび",
      "address": "さがみ野2丁目"
    },
    {
      "name": "和ダイニング なな穂",
      "address": "さがみ野2丁目"
    },
    {
      "name": "星心卓球Bar",
      "address": "さがみ野2丁目"
    },
    {
      "name": "かずねぇ",
      "address": "さがみ野2丁目"
    },
    {
      "name": "スナック25歳",
      "address": "さがみ野2丁目"
    },
    {
      "name": "呑屋鈴之助",
      "address": "さがみ野2丁目"
    },
    {
      "name": "炭焼酒房 青とうがらし 南林間店",
      "address": "ひばりが丘2丁目"
    },
    {
      "name": "くれよん ひばりが丘営業所",
      "address": "ひばりが丘2丁目"
    },
    {
      "name": "kissa inner peace",
      "address": "ひばりが丘2丁目"
    },
    {
      "name": "ひばりの森",
      "address": "ひばりが丘2丁目"
    },
    {
      "name": "入船",
      "address": "ひばりが丘2丁目"
    },
    {
      "name": "anza",
      "address": "ひばりが丘2丁目"
    },
    {
      "name": "はこねの森",
      "address": "ひばりが丘2丁目"
    },
    {
      "name": "ピザーラ ひばりが丘店",
      "address": "ひばりが丘2丁目"
    },
    {
      "name": "ひばり茶寮",
      "address": "ひばりが丘3丁目"
    },
    {
      "name": "Kimmy's Deli",
      "address": "ひばりが丘3丁目"
    },
    {
      "name": "横濱家 座間店",
      "address": "ひばりが丘5丁目"
    },
    {
      "name": "HAKONIWA",
      "address": "栗原"
    },
    {
      "name": "肉喰らう's",
      "address": "栗原中央3丁目"
    },
    {
      "name": "海月 座間店",
      "address": "栗原中央4丁目"
    },
    {
      "name": "Lahori zaiqa",
      "address": "広野台1丁目"
    },
    {
      "name": "きんかどう 座間本店",
      "address": "広野台1丁目"
    },
    {
      "name": "中国酒家 十年 座間店",
      "address": "広野台1丁目"
    },
    {
      "name": "インド料理フルバリ座間店",
      "address": "広野台2丁目"
    },
    {
      "name": "かつ泉 イオンモール座間店1F",
      "address": "広野台2丁目"
    },
    {
      "name": "かつ泉 イオンモール座間店2F",
      "address": "広野台2丁目"
    },
    {
      "name": "麺場 田所商店 イオンモール座間店",
      "address": "広野台2丁目"
    },
    {
      "name": "つぼ焼きいもや芋の音",
      "address": "座間1丁目"
    },
    {
      "name": "Cafeと雑貨の店 ごろにゃん",
      "address": "座間1丁目"
    },
    {
      "name": "せいげつ",
      "address": "座間1丁目"
    },
    {
      "name": "尾張屋",
      "address": "座間1丁目"
    },
    {
      "name": "焼肉はとや",
      "address": "小松原1丁目"
    },
    {
      "name": "おそば朝日屋",
      "address": "小松原2丁目"
    },
    {
      "name": "Riders Base Riberty",
      "address": "西栗原2丁目"
    },
    {
      "name": "デジ家",
      "address": "相武台1丁目"
    },
    {
      "name": "食堂ぽーくん",
      "address": "相武台1丁目"
    },
    {
      "name": "M",
      "address": "相武台1丁目"
    },
    {
      "name": "京城 アギヤ",
      "address": "相武台1丁目"
    },
    {
      "name": "焼肉相模",
      "address": "相武台1丁目"
    },
    {
      "name": "焼鳥はつらいよ 相武台店",
      "address": "相武台1丁目"
    },
    {
      "name": "Ping Pong Bar 伽羅",
      "address": "相武台1丁目"
    },
    {
      "name": "cafebar GAJAH",
      "address": "相武台1丁目"
    },
    {
      "name": "FAMILIA",
      "address": "相武台1丁目"
    },
    {
      "name": "居酒屋 くろ",
      "address": "相武台1丁目"
    },
    {
      "name": "福園",
      "address": "相武台1丁目"
    },
    {
      "name": "ラ・リチェッタ",
      "address": "相武台1丁目"
    },
    {
      "name": "COMMU-CAFE LINKS",
      "address": "相武台2丁目"
    },
    {
      "name": "焼き菓子&cafeあいむ",
      "address": "相武台3丁目"
    },
    {
      "name": "DOLCECASALINGO",
      "address": "相武台3丁目"
    },
    {
      "name": "居酒屋やま",
      "address": "相武台3丁目"
    },
    {
      "name": "結musubi",
      "address": "相武台3丁目"
    },
    {
      "name": "CATANDUANES",
      "address": "相武台3丁目"
    },
    {
      "name": "Osteria GiGi",
      "address": "相武台3丁目"
    },
    {
      "name": "相武台駅前弁当 ポカラ",
      "address": "相武台3丁目"
    },
    {
      "name": "dining kitchen GREEN TABLE",
      "address": "相武台3丁目"
    },
    {
      "name": "ぬぅ酒場",
      "address": "相武台4丁目"
    },
    {
      "name": "BAR aboab＿o",
      "address": "相武台4丁目"
    },
    {
      "name": "SUSHI 51",
      "address": "相模が丘1丁目"
    },
    {
      "name": "中華料理 味來",
      "address": "相模が丘1丁目"
    },
    {
      "name": "やきとり二代目うる虎",
      "address": "相模が丘1丁目"
    },
    {
      "name": "鶏均",
      "address": "相模が丘1丁目"
    },
    {
      "name": "小澤商店 小田急相模原店",
      "address": "相模が丘1丁目"
    },
    {
      "name": "らぁ麺 秀登",
      "address": "相模が丘1丁目"
    },
    {
      "name": "タージハラルフードレストラン",
      "address": "相模が丘1丁目"
    },
    {
      "name": "フォルクス 座間店",
      "address": "相模が丘1丁目"
    },
    {
      "name": "タージビリヤニハウス",
      "address": "相模が丘1丁目"
    },
    {
      "name": "居酒屋 かんちゃん",
      "address": "相模が丘2丁目"
    },
    {
      "name": "台湾料理興福順 座間店",
      "address": "相模が丘2丁目"
    },
    {
      "name": "スタミナ3",
      "address": "相模が丘2丁目"
    },
    {
      "name": "アニメバー アップデート",
      "address": "相模が丘2丁目"
    },
    {
      "name": "NIGHT MARKET",
      "address": "相模が丘2丁目"
    },
    {
      "name": "U-nest cafe",
      "address": "相模が丘2丁目"
    },
    {
      "name": "串こころ 愛川本店",
      "address": "相模が丘3丁目"
    },
    {
      "name": "信濃",
      "address": "相模が丘3丁目"
    },
    {
      "name": "福綴",
      "address": "相模が丘4丁目"
    },
    {
      "name": "お家Cafe&Bar Don🌻My",
      "address": "相模が丘4丁目"
    },
    {
      "name": "Cafe WANPAL",
      "address": "相模が丘4丁目"
    },
    {
      "name": "炭火やきとり 昔ばなし",
      "address": "相模が丘4丁目"
    },
    {
      "name": "AcousticBar Rim",
      "address": "相模が丘5丁目"
    },
    {
      "name": "すし処 たか",
      "address": "相模が丘5丁目"
    },
    {
      "name": "PUB MISTY",
      "address": "相模が丘5丁目"
    },
    {
      "name": "bar へぶん",
      "address": "相模が丘5丁目"
    },
    {
      "name": "BIRTH DAYS",
      "address": "相模が丘5丁目"
    },
    {
      "name": "ごはんや のり‘sキッチン",
      "address": "相模が丘5丁目"
    },
    {
      "name": "LOGUE CAFE&BAR",
      "address": "相模が丘5丁目"
    },
    {
      "name": "ちゅーとはんぴ",
      "address": "相模が丘5丁目"
    },
    {
      "name": "とのそば",
      "address": "相模が丘5丁目"
    },
    {
      "name": "@ほーむ",
      "address": "相模が丘5丁目"
    },
    {
      "name": "MABUHAY",
      "address": "相模が丘5丁目"
    },
    {
      "name": "MUSIC BAR 六弦",
      "address": "相模が丘5丁目"
    },
    {
      "name": "スポット",
      "address": "相模が丘5丁目"
    },
    {
      "name": "ツノ生える",
      "address": "相模が丘5丁目"
    },
    {
      "name": "居酒屋 スナックはるみ",
      "address": "相模が丘5丁目"
    },
    {
      "name": "cochi cafe",
      "address": "相模が丘5丁目"
    },
    {
      "name": "あじわい八 相模が丘店",
      "address": "相模が丘6丁目"
    },
    {
      "name": "Cafe Garden",
      "address": "南栗原6丁目"
    },
    {
      "name": "焼肉スエヒロ館 座間店",
      "address": "入谷西2丁目"
    },
    {
      "name": "おはな食堂",
      "address": "入谷西3丁目"
    },
    {
      "name": "居酒屋 リストア",
      "address": "入谷西4丁目"
    },
    {
      "name": "大勢寿し",
      "address": "入谷西4丁目"
    },
    {
      "name": "独楽寿司 座間店",
      "address": "入谷西5丁目"
    },
    {
      "name": "ラーメン魁力屋 座間店",
      "address": "入谷西5丁目"
    },
    {
      "name": "カリガリ神奈川",
      "address": "入谷西5丁目"
    },
    {
      "name": "焼肉牧場ぼくんち",
      "address": "入谷東2丁目"
    },
    {
      "name": "とり道楽 相武台前駅北口店",
      "address": "入谷東3丁目"
    },
    {
      "name": "こやま珈琲",
      "address": "入谷東3丁目"
    },
    {
      "name": "Bar Stretta di mano",
      "address": "入谷東3丁目"
    },
    {
      "name": "やきとり寿一",
      "address": "入谷東3丁目"
    },
    {
      "name": "ループ",
      "address": "入谷東3丁目"
    },
    {
      "name": "唐揚げ工房いいから",
      "address": "入谷東3丁目"
    },
    {
      "name": "喫茶ランドリー(ホシノタニ団地)",
      "address": "入谷東3丁目"
    },
    {
      "name": "CAFE IMPRESSION",
      "address": "入谷東3丁目"
    },
    {
      "name": "ポエム 座間駅前本店",
      "address": "入谷東3丁目"
    },
    {
      "name": "Dining bal PEACE",
      "address": "入谷東3丁目"
    },
    {
      "name": "神龍飯店",
      "address": "入谷東4丁目"
    },
    {
      "name": "さか本そば店",
      "address": "入谷東4丁目"
    },
    {
      "name": "座間丸十製パン",
      "address": "入谷東4丁目"
    },
    {
      "name": "BooZe BoNd",
      "address": "入谷東4丁目"
    },
    {
      "name": "焼肉ホルモンばんげ 座間駅前店",
      "address": "入谷東4丁目"
    },
    {
      "name": "みんなのやまちゃん",
      "address": "緑ケ丘1丁目"
    },
    {
      "name": "EL BIGOTE(メキシカン エルビゴーテ)",
      "address": "緑ケ丘3丁目"
    },
    {
      "name": "本家かまどや 座間緑ヶ丘店",
      "address": "緑ケ丘4丁目"
    },
    {
      "name": "北京料理 双龍",
      "address": "緑ケ丘6丁目"
    }
  ]
}