{
  "その他サービス": [
    {
      "name": "工房マミランド",
      "address": "南区旭町"
    },
    {
      "name": "クリーニングショップひまわり 磯部店",
      "address": "南区磯部"
    },
    {
      "name": "クリーニングサービス アスナロ",
      "address": "南区鵜野森"
    },
    {
      "name": "夢造りパン工房 相模原本店",
      "address": "南区下溝"
    },
    {
      "name": "ゆめづくりパン工房麻溝店",
      "address": "南区下溝"
    },
    {
      "name": "カレーハウスCoCo壱番屋相模原古淵駅前店",
      "address": "南区古淵"
    },
    {
      "name": "うさちゃんクリーニング イトーヨーカドー古淵店",
      "address": "南区古淵"
    },
    {
      "name": "久保田写真館",
      "address": "緑区下九沢"
    },
    {
      "name": "クリーニングショップフラット 下九沢店",
      "address": "緑区下九沢"
    },
    {
      "name": "関根クリーニング本店",
      "address": "緑区久保沢"
    },
    {
      "name": "関根クリーニング店 役場前店",
      "address": "緑区久保沢"
    },
    {
      "name": "スタジオソネ",
      "address": "緑区久保沢"
    },
    {
      "name": "スマホ修理工房 橋本駅店",
      "address": "緑区橋本"
    },
    {
      "name": "イケヤ写真館",
      "address": "緑区橋本"
    },
    {
      "name": "有限会社 村井写真館",
      "address": "中央区すすきの町"
    },
    {
      "name": "MAXクリーニング 横山店",
      "address": "中央区横山"
    },
    {
      "name": "ありす工房",
      "address": "中央区横山"
    },
    {
      "name": "菓子工房 くろさわ",
      "address": "中央区横山"
    },
    {
      "name": "スマイル写真店",
      "address": "中央区共和"
    },
    {
      "name": "魔耶写真館",
      "address": "中央区共和"
    },
    {
      "name": "豆工房コーヒーロースト相模原店",
      "address": "中央区光が丘"
    }
  ],
  "ガソリンスタンド": [
    {
      "name": "キグナスセルフ相模湖",
      "address": "緑区吉野"
    },
    {
      "name": "ENEOS 城山SS 杉本商店 杉本商店",
      "address": "緑区久保沢"
    },
    {
      "name": "WERUNTHINGS",
      "address": "中央区光が丘"
    },
    {
      "name": "ENEOS Laundry星ヶ丘店",
      "address": "中央区光が丘"
    }
  ],
  "スーパーマーケット": [
    {
      "name": "スーパー公正屋 下九沢店",
      "address": "緑区下九沢"
    }
  ],
  "ドラッグストア・薬局": [
    {
      "name": "スギ薬局 相模原古淵店",
      "address": "南区古淵"
    },
    {
      "name": "スギ薬局 相模原下九沢店",
      "address": "中央区下九沢"
    }
  ],
  "ホームセンター・ショッピングセンター": [
    {
      "name": "ダイヤ・ドライセンター 原当麻店",
      "address": "南区下溝"
    },
    {
      "name": "橋本ハウジングセンター",
      "address": "緑区橋本"
    },
    {
      "name": "ARS橋本カイロプラクティックセンター",
      "address": "緑区橋本"
    },
    {
      "name": "ダイヤ・ドライセンター 横山台工場",
      "address": "中央区横山台"
    }
  ],
  "家電": [
    {
      "name": "井上電気商会",
      "address": "南区下溝"
    },
    {
      "name": "和知電気",
      "address": "中央区共和"
    }
  ],
  "美容・理容・サロン": [
    {
      "name": "ヘアーサロン すずき",
      "address": "南区旭町"
    },
    {
      "name": "美容舘HO-HO-HO",
      "address": "南区鵜野森"
    },
    {
      "name": "サロンドでくの坊／サロンドラジュニール",
      "address": "南区鵜野森"
    },
    {
      "name": "ドッグサロン ファクト",
      "address": "南区下溝"
    },
    {
      "name": "プラチナ整体",
      "address": "南区下溝"
    },
    {
      "name": "プライベートサロン ファブール",
      "address": "南区古淵"
    },
    {
      "name": "古淵かえる整体院",
      "address": "南区古淵"
    },
    {
      "name": "整体院カイト",
      "address": "南区古淵"
    },
    {
      "name": "バランス整体サロン和",
      "address": "緑区下九沢"
    },
    {
      "name": "ペットサロン ムルカスタジオ",
      "address": "緑区下九沢"
    },
    {
      "name": "和整体院",
      "address": "緑区橋本"
    },
    {
      "name": "整体院粋-Sui",
      "address": "緑区橋本"
    },
    {
      "name": "トータルボディケアサロン セレノ",
      "address": "緑区橋本"
    },
    {
      "name": "美容室内野",
      "address": "緑区橋本"
    },
    {
      "name": "理容 シュダ 理容シュダ",
      "address": "緑区橋本"
    },
    {
      "name": "美容室アルク",
      "address": "緑区橋本"
    },
    {
      "name": "ビューティサロン レディ",
      "address": "緑区橋本"
    },
    {
      "name": "ぺット美容室 フットスタンプ",
      "address": "中央区横山"
    },
    {
      "name": "鍼灸マッサージ院 Monet",
      "address": "中央区横山"
    },
    {
      "name": "ファミリー美肌サロン",
      "address": "中央区横山台"
    },
    {
      "name": "エンアトリエ美容室",
      "address": "中央区下九沢"
    },
    {
      "name": "美容室 KOZGRAN",
      "address": "中央区下九沢"
    },
    {
      "name": "はなえみ指圧マッサージ",
      "address": "中央区共和"
    }
  ],
  "自転車・バイク・車関連": [
    {
      "name": "エイチオート",
      "address": "南区磯部"
    },
    {
      "name": "柿澤自動車",
      "address": "南区磯部"
    },
    {
      "name": "コイケオート",
      "address": "南区下溝"
    },
    {
      "name": "オートショップ相模",
      "address": "南区下溝"
    },
    {
      "name": "ティップスオートガレージ",
      "address": "緑区下九沢"
    },
    {
      "name": "ダイイチオートサービス サガミハラ",
      "address": "緑区下九沢"
    },
    {
      "name": "守屋自動車整備工場",
      "address": "緑区吉野"
    },
    {
      "name": "タイヤサービス神奈川",
      "address": "中央区横山台"
    },
    {
      "name": "サクラオート",
      "address": "中央区下九沢"
    },
    {
      "name": "井上自動車",
      "address": "中央区宮下本町"
    },
    {
      "name": "オートファルコン 相模原支店",
      "address": "中央区宮下本町"
    },
    {
      "name": "相模オートガラス",
      "address": "中央区光が丘"
    }
  ],
  "衣料品・ファッション": [
    {
      "name": "ブティックティファニー",
      "address": "緑区橋本"
    }
  ],
  "酒屋・リカーショップ": [
    {
      "name": "居酒屋 のんど",
      "address": "南区下溝"
    },
    {
      "name": "ヤギ・リカーズ",
      "address": "南区古淵"
    },
    {
      "name": "串焼き酒場 切磋琢磨",
      "address": "南区古淵"
    },
    {
      "name": "炭焼酒場 焔 ほむら 橋本店",
      "address": "緑区橋本"
    },
    {
      "name": "馬肉創作酒場 当千坊",
      "address": "緑区橋本"
    },
    {
      "name": "升屋酒店 気まま屋 いち",
      "address": "中央区横山"
    },
    {
      "name": "焼鳥酒場 とりべぇ",
      "address": "中央区横山台"
    },
    {
      "name": "鉄板焼き居酒屋なかまる",
      "address": "中央区横山台"
    },
    {
      "name": "伊藤酒店",
      "address": "中央区光が丘"
    }
  ],
  "飲食店・カフェ": [
    {
      "name": "蕎麦処近江家",
      "address": "南区旭町"
    },
    {
      "name": "くるまやラーメン 相模原下溝店",
      "address": "南区下溝"
    },
    {
      "name": "コメダ珈琲店 古淵駅前店",
      "address": "南区古淵"
    },
    {
      "name": "喫茶 ナチュラル",
      "address": "南区古淵"
    },
    {
      "name": "ビアスタンド カノア カフェ&ビアスタンド カノア",
      "address": "南区古淵"
    },
    {
      "name": "千福寿司",
      "address": "緑区下九沢"
    },
    {
      "name": "石井珈琲店",
      "address": "緑区久保沢"
    },
    {
      "name": "レストランいのうえ",
      "address": "緑区橋本"
    },
    {
      "name": "こめくまカフェ",
      "address": "中央区すすきの町"
    },
    {
      "name": "むさしの森珈琲 相模原横山店",
      "address": "中央区横山"
    },
    {
      "name": "焼肉DINING牛若 相模原店",
      "address": "中央区横山"
    },
    {
      "name": "お届け寿司 うさぎ",
      "address": "中央区横山"
    },
    {
      "name": "あつあつ中華工房 秀楽",
      "address": "中央区横山"
    },
    {
      "name": "ラーメンたきび",
      "address": "中央区横山"
    },
    {
      "name": "カフェ&ギャラリー 花門-KAMON-",
      "address": "中央区横山"
    },
    {
      "name": "食堂&カフェ",
      "address": "中央区横山"
    },
    {
      "name": "七輪焼肉 安安 相模原店",
      "address": "中央区横山台"
    },
    {
      "name": "はま寿司 相模原下九沢店",
      "address": "中央区下九沢"
    },
    {
      "name": "そらおと食堂",
      "address": "中央区宮下本町"
    },
    {
      "name": "ロック喫茶BAN",
      "address": "中央区共和"
    },
    {
      "name": "横浜家系ラーメン 淵野辺家",
      "address": "中央区共和"
    },
    {
      "name": "レストラン&カラオケ コロッケ倶楽部 相模原店",
      "address": "中央区共和"
    },
    {
      "name": "はま寿司 相模原光が丘店",
      "address": "中央区光が丘"
    },
    {
      "name": "デンズ・カフェ",
      "address": "中央区光が丘"
    }
  ]
}