{
  "その他サービス": [
    {
      "name": "工房マミランド",
      "address": "南区旭町"
    },
    {
      "name": "カレーハウスCoCo壱番屋相模原古淵駅前店",
      "address": "南区古淵"
    },
    {
      "name": "うさちゃんクリーニング イトーヨーカドー古淵店",
      "address": "南区古淵"
    },
    {
      "name": "久保田写真館",
      "address": "緑区下九沢"
    },
    {
      "name": "クリーニングショップフラット 下九沢店",
      "address": "緑区下九沢"
    },
    {
      "name": "沢井屋写真館「2階」",
      "address": "緑区吉野"
    },
    {
      "name": "スマホ修理工房 橋本駅店",
      "address": "緑区橋本"
    },
    {
      "name": "イケヤ写真館",
      "address": "緑区橋本"
    },
    {
      "name": "有限会社 村井写真館",
      "address": "中央区すすきの町"
    },
    {
      "name": "MAXクリーニング 横山店",
      "address": "中央区横山"
    },
    {
      "name": "ありす工房",
      "address": "中央区横山"
    },
    {
      "name": "豆工房コーヒーロースト相模原店",
      "address": "中央区光が丘"
    }
  ],
  "ガソリンスタンド": [
    {
      "name": "キグナスセルフ相模湖",
      "address": "緑区吉野"
    }
  ],
  "スーパーマーケット": [
    {
      "name": "スーパー公正屋 下九沢店",
      "address": "緑区下九沢"
    }
  ],
  "ドラッグストア・薬局": [
    {
      "name": "スギ薬局 相模原古淵店",
      "address": "南区古淵"
    },
    {
      "name": "スギ薬局 相模原下九沢店",
      "address": "中央区下九沢"
    }
  ],
  "美容・理容・サロン": [
    {
      "name": "ヘアーサロン すずき",
      "address": "南区旭町"
    },
    {
      "name": "サロンドでくの坊／サロンドラジュニール",
      "address": "南区鵜野森"
    },
    {
      "name": "プラチナ整体",
      "address": "南区下溝"
    },
    {
      "name": "古淵かえる整体院",
      "address": "南区古淵"
    },
    {
      "name": "バランス整体サロン和",
      "address": "緑区下九沢"
    },
    {
      "name": "ペットサロン ムルカスタジオ",
      "address": "緑区下九沢"
    },
    {
      "name": "和整体院",
      "address": "緑区橋本"
    },
    {
      "name": "整体院粋-Sui",
      "address": "緑区橋本"
    },
    {
      "name": "トータルボディケアサロン セレノ",
      "address": "緑区橋本"
    },
    {
      "name": "美容室アルク",
      "address": "緑区橋本"
    },
    {
      "name": "ビューティサロン レディ",
      "address": "緑区橋本"
    },
    {
      "name": "ぺット美容室 フットスタンプ",
      "address": "中央区横山"
    },
    {
      "name": "鍼灸マッサージ院 Monet",
      "address": "中央区横山"
    },
    {
      "name": "ファミリー美肌サロン",
      "address": "中央区横山台"
    },
    {
      "name": "エンアトリエ美容室",
      "address": "中央区下九沢"
    },
    {
      "name": "はなえみ指圧マッサージ",
      "address": "中央区共和"
    }
  ],
  "自転車・バイク・車関連": [
    {
      "name": "柿澤自動車",
      "address": "南区磯部"
    },
    {
      "name": "オートショップ相模",
      "address": "南区下溝"
    },
    {
      "name": "ティップスオートガレージ",
      "address": "緑区下九沢"
    },
    {
      "name": "ダイイチオートサービス サガミハラ",
      "address": "緑区下九沢"
    },
    {
      "name": "守屋自動車整備工場",
      "address": "緑区吉野"
    },
    {
      "name": "サクラオート",
      "address": "中央区下九沢"
    },
    {
      "name": "相模オートガラス",
      "address": "中央区光が丘"
    }
  ],
  "衣料品・ファッション": [
    {
      "name": "ブティックティファニー",
      "address": "緑区橋本"
    }
  ],
  "酒屋・リカーショップ": [
    {
      "name": "ヤギ・リカーズ",
      "address": "南区古淵"
    },
    {
      "name": "串焼き酒場 切磋琢磨",
      "address": "南区古淵"
    },
    {
      "name": "酒処 木ノ葉",
      "address": "緑区下九沢"
    },
    {
      "name": "炭焼酒場 焔 ほむら 橋本店",
      "address": "緑区橋本"
    },
    {
      "name": "馬肉創作酒場 当千坊",
      "address": "緑区橋本"
    },
    {
      "name": "焼鳥酒場 とりべぇ",
      "address": "中央区横山台"
    },
    {
      "name": "鉄板焼き居酒屋なかまる",
      "address": "中央区横山台"
    },
    {
      "name": "伊藤酒店",
      "address": "中央区光が丘"
    }
  ],
  "飲食店・カフェ": [
    {
      "name": "蕎麦処近江家",
      "address": "南区旭町"
    },
    {
      "name": "湯あがり珈琲",
      "address": "南区下溝"
    },
    {
      "name": "くるまやラーメン 相模原下溝店",
      "address": "南区下溝"
    },
    {
      "name": "コメダ珈琲店 古淵駅前店",
      "address": "南区古淵"
    },
    {
      "name": "千福寿司",
      "address": "緑区下九沢"
    },
    {
      "name": "ベーカリーアンドカフェ ルパ橋本店",
      "address": "緑区橋本"
    },
    {
      "name": "レストランいのうえ",
      "address": "緑区橋本"
    },
    {
      "name": "こめくまカフェ",
      "address": "中央区すすきの町"
    },
    {
      "name": "むさしの森珈琲 相模原横山店",
      "address": "中央区横山"
    },
    {
      "name": "焼肉DINING牛若 相模原店",
      "address": "中央区横山"
    },
    {
      "name": "ラーメンたきび",
      "address": "中央区横山"
    },
    {
      "name": "七輪焼肉 安安 相模原店",
      "address": "中央区横山台"
    },
    {
      "name": "はま寿司 相模原下九沢店",
      "address": "中央区下九沢"
    },
    {
      "name": "ロック喫茶BAN",
      "address": "中央区共和"
    },
    {
      "name": "横浜家系ラーメン 淵野辺家",
      "address": "中央区共和"
    },
    {
      "name": "レストラン&カラオケ コロッケ倶楽部 相模原店",
      "address": "中央区共和"
    },
    {
      "name": "はま寿司 相模原光が丘店",
      "address": "中央区光が丘"
    },
    {
      "name": "デンズ・カフェ",
      "address": "中央区光が丘"
    }
  ]
}