{
  "ガソリンスタンド": [
    { "name": "キグナス石油　セルフブライト　田辺新庄" },
    { "name": "Gasta 田辺" },
    { "name": "Gasta白浜" },
    { "name": "山本石油" },
    { "name": "牟婁石油　新万SS" },
    { "name": "ドーメン石油" },
    { "name": "紀洋石油" },
    { "name": "牟婁石油　稲成SS" },
    { "name": "ENEOS　上秋津SS　谷次石油店" },
    { "name": "エポック　白浜SS" },
    { "name": "紀洋石油　文里SS" },
    { "name": "紀洋石油　セルフ田辺SS" },
    { "name": "チカノ石油" }
  ],
  "スーパー": [
    { "name": "グルメシティ東陽店" },
    { "name": "グルメシティ万呂店" },
    { "name": "ダイエー田辺SC店・イオンフードスタイフ" },
    { "name": "オークワグループ　プライスカット田辺下万呂店" },
    { "name": "オークワグループ　オークワ田辺東山店" },
    { "name": "オークワグループ　オークワパビリオンシティ田辺店" }
  ]
}