{
  "ガソリンスタンド": [
    { "name": "JA-SS真室川給油所", "address": "真室川地区" }
  ],
  "理美容・ヘアサロン": [
    { "name": "アートウェル理容・美容", "address": "真室川地区" },
    { "name": "ビューティースタジオ&A", "address": "真室川地区" },
    { "name": "ｈａｉｒ☆ＳＴＡＲＳ", "address": "真室川地区" },
    { "name": "理容フジ", "address": "真室川地区" },
    { "name": "Hairroom Yamada", "address": "安楽城・差首鍋地区" }
  ],
  "飲食店": [
    { "name": "一楽", "address": "真室川地区" },
    { "name": "うどんとごはん処ながの", "address": "真室川地区" },
    { "name": "梅の里ラーメン大吉", "address": "真室川地区" },
    { "name": "酒楽家プラム", "address": "真室川地区" },
    { "name": "庄司製麺工場", "address": "真室川地区" },
    { "name": "すし海道  真室川店", "address": "真室川地区" },
    { "name": "すし屋の政紀", "address": "真室川地区" },
    { "name": "そば屋重次郎", "address": "真室川地区" },
    { "name": "ニューリンダ・俵", "address": "真室川地区" },
    { "name": "まむろ川温泉梅里苑", "address": "真室川地区" },
    { "name": "梅Cafe", "address": "真室川地区" },
    { "name": "麺屋うめ助", "address": "真室川地区" }
  ],
  "その他": [
    { "name": "大沢呉服店", "address": "真室川地区" },
    { "name": "おかしの平和堂", "address": "真室川地区" },
    { "name": "カーサービスやなせ", "address": "真室川地区" },
    { "name": "家具のおだ", "address": "真室川地区" },
    { "name": "カズミデンキ", "address": "真室川地区" },
    { "name": "カットハウス沓澤", "address": "真室川地区" },
    { "name": "かとう時計店", "address": "真室川地区" },
    { "name": "川又クリーニング店", "address": "真室川地区" },
    { "name": "共栄商事", "address": "真室川地区" },
    { "name": "古民家カイロ屋さん「スギ」", "address": "真室川地区" },
    { "name": "新庄タクシー", "address": "真室川地区" },
    { "name": "髙橋呉服店", "address": "真室川地区" },
    { "name": "近岡商店", "address": "真室川地区" },
    { "name": "農家民宿  果菜里庵", "address": "真室川地区" },
    { "name": "美容室hairSURE", "address": "真室川地区" },
    { "name": "藤原ガラス店", "address": "真室川地区" },
    { "name": "プッシュアップ66", "address": "真室川地区" },
    { "name": "真室川きのこ本舗", "address": "真室川地区" },
    { "name": "マルコウ環境（自動車整備工場）", "address": "真室川地区" },
    { "name": "山形六花園", "address": "真室川地区" },
    { "name": "ヤマト運輸", "address": "真室川地区" },
    { "name": "雪のおはぎ風花", "address": "真室川地区" },
    { "name": "洋品呉服のはまや", "address": "真室川地区" },
    { "name": "在り方としてのヨガ", "address": "安楽城・差首鍋地区" },
    { "name": "大沼養蜂", "address": "安楽城・差首鍋地区" },
    { "name": "小野商店サンソ屋", "address": "安楽城・差首鍋地区" },
    { "name": "佐藤輪店", "address": "安楽城・差首鍋地区" },
    { "name": "産直あさひ", "address": "安楽城・差首鍋地区" },
    { "name": "髙橋なか商店", "address": "安楽城・差首鍋地区" },
    { "name": "高橋自動車（高菊林業）", "address": "安楽城・差首鍋地区" },
    { "name": "名子坂  小野魚店", "address": "安楽城・差首鍋地区" },
    { "name": "ひらのや菓子店", "address": "安楽城・差首鍋地区" },
    { "name": "ママ.クリーニング小野寺よ  大沢コーナー", "address": "安楽城・差首鍋地区" },
    { "name": "大友商店", "address": "釜渕・及位地区" },
    { "name": "菓子処亀甲屋", "address": "釜渕・及位地区" },
    { "name": "佐藤商店", "address": "釜渕・及位地区" },
    { "name": "田中りんごや", "address": "釜渕・及位地区" },
    { "name": "まるい商店", "address": "釜渕・及位地区" }
  ],
  "量販店": [
    { "name": "コメリ", "address": "真室川地区" }
  ],
  "ドラッグストア": [
    { "name": "高宮薬局", "address": "真室川地区" },
    { "name": "ツルハドラッグ真室川店", "address": "真室川地区" },
    { "name": "ふれあい薬局", "address": "真室川地区" },
    { "name": "薬王堂山形真室川店", "address": "真室川地区" }
  ],
  "リカーショップ": [
    { "name": "松沢酒店", "address": "真室川地区" }
  ]
}