{
  "DPE・印刷・コピー": [
    {
      "name": "リヒトカメラ",
      "address": "余目"
    }
  ],
  "エステティックサロン": [
    {
      "name": "art    aoi",
      "address": "余目"
    },
    {
      "name": "AlluRe.",
      "address": "狩川"
    }
  ],
  "その他": [
    {
      "name": "釣り船 黒ひげ",
      "address": "狩川"
    },
    {
      "name": "リラクゼーションfamille",
      "address": "余目"
    },
    {
      "name": "みしまフォトスタジオ",
      "address": "余目"
    },
    {
      "name": "ほぐしの名人 余目店",
      "address": "余目"
    },
    {
      "name": "ダンス&整体サロン io",
      "address": "余目"
    },
    {
      "name": "カラオケプラザ    ハーティ",
      "address": "余目"
    },
    {
      "name": "カイロサロンまみよん",
      "address": "廿六木"
    },
    {
      "name": "SpaTirta",
      "address": "余目"
    },
    {
      "name": "mahalo",
      "address": "余目"
    },
    {
      "name": "Lapis Rose",
      "address": "余目"
    },
    {
      "name": "中屋のこぎり店",
      "address": "余目"
    },
    {
      "name": "総合食品もり",
      "address": "余目"
    },
    {
      "name": "成澤養魚場",
      "address": "西袋"
    },
    {
      "name": "上野屋書店",
      "address": "狩川"
    },
    {
      "name": "焼肉もりもり",
      "address": "余目"
    },
    {
      "name": "佐藤ガス工事",
      "address": "余目"
    },
    {
      "name": "佐々木水道",
      "address": "余目"
    },
    {
      "name": "合同会社五十嵐ファーム",
      "address": "島田"
    },
    {
      "name": "岡本?光堂",
      "address": "余目"
    },
    {
      "name": "安藤組",
      "address": "提興屋"
    },
    {
      "name": "オランダせんべいFACTORY 無人販売所",
      "address": "余目"
    },
    {
      "name": "JAあまるめ 農業機械サービスセンター",
      "address": "余目"
    },
    {
      "name": "JAあまるめ 自動車サービスセンター",
      "address": "余目"
    },
    {
      "name": "JAあまるめ 資材館",
      "address": "余目"
    },
    {
      "name": "JAあまるめ JASS ユーロードあまるめ",
      "address": "余目"
    }
  ],
  "ハウスクリーニング（衣服洗濯業以外）": [
    {
      "name": "ママ.クリーニング小野寺よ 松陽",
      "address": "松陽"
    },
    {
      "name": "クリーンハウス",
      "address": "余目"
    },
    {
      "name": "うさちゃんクリーニング ヤマザワ余目店",
      "address": "余目"
    },
    {
      "name": "うさちゃんクリーニング マックスバリュ余目店",
      "address": "余目"
    }
  ],
  "ホテル・旅館・レジャー・浴場": [
    {
      "name": "旅館    平成館",
      "address": "余目"
    },
    {
      "name": "庄内町ギャラリー温泉 町湯",
      "address": "余目"
    }
  ],
  "学習塾・語学教室・パソコン教室・カルチャースクール": [
    {
      "name": "功ソシアルダンスカンパニー",
      "address": "余目"
    }
  ],
  "自動車整備・各種修理": [
    {
      "name": "余目自動車工業",
      "address": "余目"
    },
    {
      "name": "目黒商会",
      "address": "余目"
    },
    {
      "name": "関東自動車興業",
      "address": "余目"
    },
    {
      "name": "安藤整備工業",
      "address": "余目"
    },
    {
      "name": "わかば自動車",
      "address": "余目"
    },
    {
      "name": "スズキカーライフ余目",
      "address": "余目"
    },
    {
      "name": "スズキアリーナオオヤ 立川店",
      "address": "狩川"
    },
    {
      "name": "オートパル庄内町",
      "address": "廻館"
    },
    {
      "name": "オオタサービス",
      "address": "桑田"
    },
    {
      "name": "エス・キャリー",
      "address": "余目"
    },
    {
      "name": "CUSTOMSHOP Project",
      "address": "余目"
    },
    {
      "name": "BRS．be－STYLE",
      "address": "家根合"
    },
    {
      "name": "(有)伊藤自動車工業",
      "address": "跡"
    }
  ],
  "住宅建設・リフォーム": [
    {
      "name": "今井建築",
      "address": "清川"
    },
    {
      "name": "みちひろ建築",
      "address": "宮曽根"
    },
    {
      "name": "サイキ電設",
      "address": "松陽"
    }
  ],
  "電話・通信・ISP・テレビ・新聞": [
    {
      "name": "有限会社リンク（しろくまベンディング）",
      "address": "狩川"
    }
  ],
  "美容業": [
    {
      "name": "理容こばやし",
      "address": "狩川"
    },
    {
      "name": "美容室    セピア",
      "address": "余目"
    },
    {
      "name": "美容室 さあど",
      "address": "狩川"
    },
    {
      "name": "美容室    gajumaru",
      "address": "余目"
    },
    {
      "name": "美容室    Four Seasons",
      "address": "余目"
    },
    {
      "name": "昭美館",
      "address": "余目"
    },
    {
      "name": "ヘアルームオリーブ",
      "address": "余目"
    },
    {
      "name": "ヘアスタジオ・アート",
      "address": "余目"
    },
    {
      "name": "ヘアサロンストーブ",
      "address": "余目"
    },
    {
      "name": "ヘアガレージ エムズ",
      "address": "松陽"
    },
    {
      "name": "ヘアーステージWin",
      "address": "余目"
    },
    {
      "name": "ヘアーサロンクローバー",
      "address": "南野"
    },
    {
      "name": "ヘアーサロン スガイ",
      "address": "千河原"
    },
    {
      "name": "ヘアーサロン さとう",
      "address": "余目"
    },
    {
      "name": "ヘアーサロン    サーティ30",
      "address": "余目"
    },
    {
      "name": "ぱーまハウスくれよん",
      "address": "余目"
    },
    {
      "name": "チャーム美容室",
      "address": "余目"
    },
    {
      "name": "くどう理容",
      "address": "古関"
    },
    {
      "name": "カットハウス ひまわり",
      "address": "余目"
    },
    {
      "name": "かっとはうす くあると",
      "address": "狩川"
    },
    {
      "name": "nino美容室",
      "address": "余目"
    },
    {
      "name": "Lopolis2",
      "address": "余目"
    },
    {
      "name": "Lopolis",
      "address": "余目"
    },
    {
      "name": "LiLi family hair",
      "address": "廿六木"
    },
    {
      "name": "leikkimokkisopo",
      "address": "余目"
    },
    {
      "name": "fix.Hair Studio",
      "address": "狩川"
    },
    {
      "name": "BAR BER いしづか",
      "address": "清川"
    },
    {
      "name": "Arte Hair&Make",
      "address": "余目"
    },
    {
      "name": "2cut'kei",
      "address": "余目"
    }
  ],
  "旅行代理店・旅行業": [
    {
      "name": "日本海トラベル",
      "address": "余目"
    }
  ],
  "施術所（鍼灸院、治療院、接骨院・整骨院）": [
    {
      "name": "かえる治療院",
      "address": "狩川"
    },
    {
      "name": "ShinWa鍼灸院",
      "address": "常万"
    }
  ],
  "飲食店・喫茶店": [
    {
      "name": "梛の木カフェ",
      "address": "余目"
    },
    {
      "name": "来夢来人",
      "address": "余目"
    },
    {
      "name": "麺厨房    煌麺",
      "address": "余目"
    },
    {
      "name": "麺工房    香味屋",
      "address": "廿六木"
    },
    {
      "name": "南部屋    久三郎",
      "address": "添津"
    },
    {
      "name": "台湾料理    一番亭",
      "address": "余目"
    },
    {
      "name": "川村食堂",
      "address": "余目"
    },
    {
      "name": "焼そば専門店テンテン",
      "address": "余目"
    },
    {
      "name": "御殿茶屋",
      "address": "清川"
    },
    {
      "name": "依田?",
      "address": "余目"
    },
    {
      "name": "ロザーナ",
      "address": "余目"
    },
    {
      "name": "ゆみりあ",
      "address": "余目"
    },
    {
      "name": "やきとり一平",
      "address": "余目"
    },
    {
      "name": "やきとり    一久",
      "address": "余目"
    },
    {
      "name": "ホルモン・焼肉居酒屋まるしん。",
      "address": "余目"
    },
    {
      "name": "パストラール",
      "address": "廻館"
    },
    {
      "name": "スナック純娘",
      "address": "余目"
    },
    {
      "name": "スナック    ロイヤル",
      "address": "余目"
    },
    {
      "name": "すし海道    余目店",
      "address": "余目"
    },
    {
      "name": "カフェ余目製パン",
      "address": "余目"
    },
    {
      "name": "かなめ食堂",
      "address": "余目"
    },
    {
      "name": "あじ彩",
      "address": "余目"
    },
    {
      "name": "Snack CoCo",
      "address": "余目"
    },
    {
      "name": "K-Dining",
      "address": "余目"
    },
    {
      "name": "FELICITA＋",
      "address": "余目"
    },
    {
      "name": "Brillano～ブリラーノ～",
      "address": "余目"
    }
  ],
  "居酒屋・パブ・バー": [
    {
      "name": "大衆ダイニングゆうすけ",
      "address": "余目"
    },
    {
      "name": "爽味旬風    和心",
      "address": "余目"
    },
    {
      "name": "庄内発酵堂",
      "address": "余目"
    },
    {
      "name": "酒友快処 うたげ家",
      "address": "余目"
    },
    {
      "name": "居酒屋しょうじ",
      "address": "余目"
    },
    {
      "name": "稲村",
      "address": "余目"
    },
    {
      "name": "レストラン香林塔",
      "address": "余目"
    },
    {
      "name": "Red Saloon～レッド・サルーン～",
      "address": "余目"
    }
  ],
  "ガソリンスタンド": [
    {
      "name": "泉屋商店 本店",
      "address": "狩川"
    },
    {
      "name": "泉屋商店 SS",
      "address": "狩川"
    },
    {
      "name": "ENEOS 寿商会 余目西SS",
      "address": "余目"
    }
  ],
  "衣服・靴・服飾品・カバン・バッグ": [
    {
      "name": "宮川衣料",
      "address": "京島"
    },
    {
      "name": "株式会社みかわ屋",
      "address": "余目"
    },
    {
      "name": "阿部はきもの店",
      "address": "余目"
    },
    {
      "name": "プライドテーラー秋葉",
      "address": "余目"
    },
    {
      "name": "だいこくや",
      "address": "余目"
    },
    {
      "name": "かどや洋品店",
      "address": "余目"
    },
    {
      "name": "おしゃれな洋品    アテネ",
      "address": "余目"
    }
  ],
  "医薬品・化粧品・ドラッグストア": [
    {
      "name": "ビューティーショップ    ハラダ",
      "address": "余目"
    },
    {
      "name": "セナミヤ糸店",
      "address": "余目"
    },
    {
      "name": "あおやまびじん庄内余目店",
      "address": "余目"
    },
    {
      "name": "CP華    サロンLUANA",
      "address": "余目"
    }
  ],
  "家電・家具・寝具・キッチン用品": [
    {
      "name": "日本海家具センター",
      "address": "余目"
    },
    {
      "name": "大滝電器",
      "address": "余目"
    },
    {
      "name": "清野デンキ",
      "address": "余目"
    },
    {
      "name": "フィズミック",
      "address": "余目"
    },
    {
      "name": "でんきの専門パートナー    でんちや",
      "address": "余目"
    }
  ],
  "花・植木・農耕具・ペット": [
    {
      "name": "成澤よしみ養魚場",
      "address": "西袋"
    },
    {
      "name": "三丁目生花店",
      "address": "余目"
    },
    {
      "name": "フラワー佐々木",
      "address": "余目"
    },
    {
      "name": "norra",
      "address": "大真木"
    }
  ],
  "時計・貴金属・メガネ・カメラ": [
    {
      "name": "天光堂時計店",
      "address": "余目"
    },
    {
      "name": "r23atelier88",
      "address": "廿六木"
    }
  ],
  "酒類・リカーショップ": [
    {
      "name": "鯉川酒造",
      "address": "余目"
    },
    {
      "name": "後藤初太郎商店",
      "address": "余目"
    }
  ],
  "書籍・文具・楽器・スポーツ・自転車・おもちゃ・CD・DVD": [
    {
      "name": "斎藤?之助輪店",
      "address": "余目"
    },
    {
      "name": "ファミリーショップ甲子園",
      "address": "余目"
    },
    {
      "name": "BookCityとみや",
      "address": "余目"
    }
  ],
  "食品スーパー": [
    {
      "name": "新鮮館Ａコープたちかわ店",
      "address": "狩川"
    },
    {
      "name": "Aコープあまるめ    生活館",
      "address": "余目"
    }
  ],
  "食品販売店": [
    {
      "name": "道の駅しょうない    風車市場",
      "address": "狩川"
    },
    {
      "name": "川村米穀・餅店",
      "address": "余目"
    },
    {
      "name": "森のケーキ屋さん",
      "address": "廿六木"
    },
    {
      "name": "障害者多機能型施設ひまわり園",
      "address": "余目"
    },
    {
      "name": "晶芯道",
      "address": "余目"
    },
    {
      "name": "主婦の店狩川店",
      "address": "狩川"
    },
    {
      "name": "佐藤米穀店",
      "address": "余目"
    },
    {
      "name": "佐藤畜産食品",
      "address": "狩川"
    },
    {
      "name": "兼古商店",
      "address": "余目"
    },
    {
      "name": "魚銀商店",
      "address": "余目"
    },
    {
      "name": "吉祥ファーム",
      "address": "余目"
    },
    {
      "name": "株式会社イグゼあまるめ",
      "address": "余目"
    },
    {
      "name": "角蔵珈琲",
      "address": "狩川"
    },
    {
      "name": "永成食品",
      "address": "余目"
    },
    {
      "name": "みずほ",
      "address": "廿六木"
    },
    {
      "name": "はらぺこファーム",
      "address": "連枝"
    },
    {
      "name": "ハナブサ醤油",
      "address": "余目"
    },
    {
      "name": "はなくろや余目店",
      "address": "久田"
    },
    {
      "name": "かほり惣菜",
      "address": "余目"
    },
    {
      "name": "うめかわ",
      "address": "余目"
    },
    {
      "name": "いで葉工望",
      "address": "余目"
    },
    {
      "name": "(有)原田米穀SS",
      "address": "狩川"
    }
  ],
  "製剤薬局": [
    {
      "name": "みしまや薬局",
      "address": "清川"
    }
  ],
  "百貨店・GMS・ディスカウントストア・ホームセンター": [
    {
      "name": "ホームセンターチャンピオン 余目店",
      "address": "余目"
    },
    {
      "name": "武田商店",
      "address": "余目"
    }
  ],
  "ゴルフ場": [
    {
      "name": "庄内ゴルフ?楽部",
      "address": "狩川"
    }
  ],
  "タクシー": [
    {
      "name": "立川タクシー",
      "address": "狩川"
    },
    {
      "name": "余目タクシー",
      "address": "余目"
    },
    {
      "name": "ハーティタクシー",
      "address": "余目"
    }
  ],
  "運転代行業": [
    {
      "name": "夢元代行",
      "address": "余目"
    },
    {
      "name": "ハーティ運転代行",
      "address": "余目"
    }
  ]
}